arm,node,role,attack_start_s,t_s,trust
baseline,srv1,grayhole,40,0.042,0.500000
baseline,srv1,grayhole,40,1.077,0.500000
baseline,srv1,grayhole,40,2.113,0.500000
baseline,srv1,grayhole,40,3.146,0.500000
baseline,srv1,grayhole,40,5.064,0.538600
baseline,srv1,grayhole,40,6.304,0.538600
baseline,srv1,grayhole,40,7.542,0.815200
baseline,srv1,grayhole,40,8.781,0.815200
baseline,srv1,grayhole,40,10.020,0.813500
baseline,srv1,grayhole,40,11.285,0.820400
baseline,srv1,grayhole,40,12.525,0.812800
baseline,srv1,grayhole,40,13.765,0.815200
baseline,srv1,grayhole,40,15.047,0.815200
baseline,srv1,grayhole,40,16.309,0.814800
baseline,srv1,grayhole,40,17.546,0.821600
baseline,srv1,grayhole,40,18.786,0.815700
baseline,srv1,grayhole,40,20.024,0.816800
baseline,srv1,grayhole,40,21.298,0.816800
baseline,srv1,grayhole,40,22.537,0.817100
baseline,srv1,grayhole,40,23.798,0.821500
baseline,srv1,grayhole,40,25.187,0.803200
baseline,srv1,grayhole,40,26.458,0.812000
baseline,srv1,grayhole,40,27.825,0.812000
baseline,srv1,grayhole,40,29.148,0.816200
baseline,srv1,grayhole,40,30.477,0.817500
baseline,srv1,grayhole,40,31.778,0.817100
baseline,srv1,grayhole,40,33.258,0.816300
baseline,srv1,grayhole,40,34.553,0.822900
baseline,srv1,grayhole,40,35.959,0.816800
baseline,srv1,grayhole,40,37.408,0.816200
baseline,srv1,grayhole,40,38.745,0.822300
baseline,srv1,grayhole,40,40.130,0.816400
baseline,srv1,grayhole,40,41.633,0.816700
baseline,srv1,grayhole,40,42.925,0.822900
baseline,srv1,grayhole,40,44.391,0.816100
baseline,srv1,grayhole,40,45.694,0.816900
baseline,srv1,grayhole,40,47.100,0.816900
baseline,srv1,grayhole,40,48.447,0.821000
baseline,srv1,grayhole,40,49.836,0.413200
baseline,srv1,grayhole,40,51.353,0.813900
baseline,srv1,grayhole,40,52.737,0.423600
baseline,srv1,grayhole,40,54.179,0.762700
baseline,srv1,grayhole,40,56.010,0.754000
baseline,srv1,grayhole,40,58.013,0.265600
baseline,srv1,grayhole,40,59.610,0.615000
baseline,srv1,grayhole,40,61.132,0.266400
baseline,srv1,grayhole,40,62.498,0.214100
baseline,srv1,grayhole,40,64.046,0.264400
baseline,srv1,grayhole,40,65.558,0.213600
baseline,srv1,grayhole,40,67.127,0.264000
baseline,srv1,grayhole,40,68.560,0.264000
baseline,srv1,grayhole,40,70.204,0.214000
baseline,srv1,grayhole,40,71.929,0.611300
baseline,srv1,grayhole,40,73.319,0.673600
baseline,srv1,grayhole,40,74.703,0.667700
baseline,srv1,grayhole,40,76.509,0.809600
baseline,srv1,grayhole,40,77.958,0.365200
baseline,srv1,grayhole,40,79.578,0.752100
baseline,srv1,grayhole,40,81.149,0.808400
baseline,srv1,grayhole,40,82.716,0.422000
baseline,srv1,grayhole,40,84.629,0.756500
baseline,srv1,grayhole,40,86.353,0.756500
baseline,srv1,grayhole,40,87.724,0.807300
baseline,srv1,grayhole,40,89.089,0.422700
baseline,srv1,grayhole,40,90.542,0.355200
baseline,srv1,grayhole,40,92.003,0.628200
baseline,srv1,grayhole,40,93.303,0.268200
baseline,srv1,grayhole,40,94.716,0.266500
baseline,srv1,grayhole,40,96.051,0.265100
baseline,srv1,grayhole,40,97.500,0.656800
baseline,srv1,grayhole,40,99.053,0.656800
baseline,srv1,grayhole,40,100.369,0.273800
baseline,srv1,grayhole,40,101.769,0.616000
baseline,srv1,grayhole,40,103.234,0.355600
baseline,srv1,grayhole,40,104.730,0.624100
baseline,srv1,grayhole,40,106.334,0.267700
baseline,srv1,grayhole,40,108.058,0.214300
baseline,srv1,grayhole,40,109.442,0.204700
baseline,srv1,grayhole,40,110.905,0.356900
baseline,srv1,grayhole,40,112.333,0.605700
baseline,srv1,grayhole,40,113.783,0.662700
baseline,srv1,grayhole,40,115.094,0.214700
baseline,srv1,grayhole,40,116.781,0.598500
baseline,srv1,grayhole,40,118.402,0.213500
baseline,srv1,grayhole,40,119.994,0.264800
baseline,srv1,grayhole,40,121.440,0.605800
baseline,srv1,grayhole,40,123.195,0.673600
baseline,srv1,grayhole,40,124.687,0.402300
baseline,srv1,grayhole,40,126.045,0.233900
baseline,srv1,grayhole,40,127.442,0.264900
baseline,srv1,grayhole,40,128.820,0.603000
baseline,srv1,grayhole,40,130.103,0.657100
baseline,srv1,grayhole,40,131.448,0.600500
baseline,srv1,grayhole,40,132.740,0.792600
baseline,srv1,grayhole,40,134.224,0.423300
baseline,srv1,grayhole,40,136.060,0.814600
baseline,srv1,grayhole,40,137.566,0.365200
baseline,srv1,grayhole,40,139.423,0.365200
baseline,srv1,grayhole,40,140.733,0.355200
baseline,srv1,grayhole,40,142.213,0.110600
baseline,srv1,grayhole,40,143.701,0.208600
baseline,srv1,grayhole,40,145.287,0.659900
baseline,srv1,grayhole,40,146.812,0.670700
baseline,srv1,grayhole,40,148.297,0.274900
baseline,srv1,grayhole,40,149.588,0.215300
baseline,srv1,grayhole,40,150.910,0.614500
baseline,srv1,grayhole,40,152.312,0.753200
baseline,srv1,grayhole,40,153.939,0.761600
baseline,srv1,grayhole,40,155.575,0.671300
baseline,srv1,grayhole,40,157.034,0.364900
baseline,srv1,grayhole,40,158.626,0.364900
baseline,srv1,grayhole,40,159.952,0.356500
baseline,srv1,grayhole,40,161.410,0.226800
baseline,srv1,grayhole,40,162.889,0.000000
baseline,srv1,grayhole,40,164.458,0.350800
baseline,srv1,grayhole,40,166.229,0.274500
baseline,srv1,grayhole,40,167.645,0.607900
baseline,srv1,grayhole,40,169.353,0.274300
baseline,srv1,grayhole,40,170.680,0.810200
baseline,srv1,grayhole,40,172.413,0.763000
baseline,srv1,grayhole,40,174.061,0.756500
baseline,srv1,grayhole,40,175.488,0.415000
baseline,srv1,grayhole,40,177.161,0.756800
baseline,srv1,grayhole,40,179.049,0.206500
baseline,srv1,grayhole,40,180.586,0.206500
baseline,srv1,grayhole,40,182.076,0.272300
baseline,srv1,grayhole,40,183.528,0.215000
baseline,srv1,grayhole,40,184.960,0.206400
baseline,srv1,grayhole,40,186.685,0.386200
baseline,srv1,grayhole,40,188.247,0.205200
baseline,srv1,grayhole,40,189.838,0.656700
baseline,srv1,grayhole,40,191.177,0.656700
baseline,srv1,grayhole,40,192.558,0.275300
baseline,srv1,grayhole,40,193.850,0.275300
baseline,srv1,grayhole,40,195.144,0.603900
baseline,srv1,grayhole,40,196.796,0.603600
baseline,srv1,grayhole,40,198.591,0.605500
baseline,srv1,grayhole,40,200.264,0.654100
baseline,srv1,grayhole,40,201.848,0.598900
baseline,srv1,grayhole,40,203.381,0.610500
baseline,srv1,grayhole,40,204.923,0.606600
baseline,srv1,grayhole,40,206.193,0.606600
baseline,srv1,grayhole,40,207.706,0.264800
baseline,srv1,grayhole,40,209.052,0.205000
baseline,srv1,grayhole,40,210.582,0.000000
baseline,srv1,grayhole,40,211.996,0.628200
baseline,srv1,grayhole,40,213.411,0.665900
baseline,srv1,grayhole,40,215.367,0.603700
baseline,srv1,grayhole,40,216.997,0.272500
baseline,srv1,grayhole,40,218.485,0.606800
baseline,srv1,grayhole,40,220.087,0.792000
baseline,srv1,grayhole,40,221.456,0.420500
baseline,srv1,grayhole,40,223.008,0.612200
baseline,srv1,grayhole,40,224.678,0.415900
baseline,srv1,grayhole,40,226.143,0.637500
baseline,srv1,grayhole,40,227.568,0.789600
baseline,srv1,grayhole,40,228.864,0.364800
baseline,srv1,grayhole,40,230.168,0.600700
baseline,srv1,grayhole,40,231.937,0.670900
baseline,srv1,grayhole,40,233.413,0.761200
baseline,srv1,grayhole,40,234.789,0.663600
baseline,srv1,grayhole,40,236.174,0.663600
baseline,srv1,grayhole,40,237.663,0.423700
baseline,srv1,grayhole,40,239.003,0.413600
baseline,srv1,grayhole,40,240.610,0.424100
baseline,srv1,grayhole,40,242.066,0.424100
baseline,srv1,grayhole,40,243.822,0.415000
baseline,srv1,grayhole,40,245.221,0.364000
baseline,srv1,grayhole,40,246.706,0.208500
baseline,srv1,grayhole,40,248.074,0.208500
baseline,srv1,grayhole,40,249.798,0.209000
baseline,srv1,grayhole,40,251.100,0.265200
baseline,srv1,grayhole,40,252.451,0.265100
baseline,srv1,grayhole,40,254.015,0.663700
baseline,srv1,grayhole,40,255.431,0.616400
baseline,srv1,grayhole,40,257.072,0.675000
baseline,srv1,grayhole,40,258.736,0.752300
baseline,srv1,grayhole,40,260.162,0.815200
baseline,srv1,grayhole,40,261.724,0.806200
baseline,srv1,grayhole,40,263.030,0.422200
baseline,srv1,grayhole,40,264.632,0.815900
baseline,srv1,grayhole,40,265.998,0.816100
baseline,srv1,grayhole,40,267.440,0.423800
baseline,srv1,grayhole,40,268.827,0.813300
baseline,srv1,grayhole,40,270.190,0.747600
baseline,srv1,grayhole,40,271.684,0.823400
baseline,srv1,grayhole,40,273.012,0.821900
baseline,srv1,grayhole,40,274.412,0.816900
baseline,srv1,grayhole,40,275.822,0.424800
baseline,srv1,grayhole,40,277.484,0.747300
baseline,srv1,grayhole,40,278.982,0.413500
baseline,srv1,grayhole,40,280.374,0.812400
baseline,srv1,grayhole,40,282.125,0.748600
baseline,srv1,grayhole,40,283.728,0.286500
baseline,srv1,grayhole,40,285.222,0.286500
baseline,srv1,grayhole,40,286.562,0.206000
baseline,srv1,grayhole,40,288.044,0.000000
baseline,srv1,grayhole,40,289.469,0.266600
baseline,srv1,grayhole,40,290.939,0.656400
baseline,srv1,grayhole,40,292.236,0.656400
baseline,srv1,grayhole,40,293.635,0.274700
baseline,srv1,grayhole,40,294.937,0.215300
baseline,srv1,grayhole,40,296.284,0.264500
baseline,srv1,grayhole,40,298.210,0.813000
baseline,srv1,grayhole,40,299.644,0.761500
baseline,srv1,grayhole,40,301.123,0.288400
baseline,srv1,grayhole,40,302.585,0.605300
baseline,srv1,grayhole,40,304.282,0.213700
baseline,srv1,grayhole,40,305.711,0.124500
baseline,srv2,none,0,0.042,0.500000
baseline,srv2,none,0,1.077,0.500000
baseline,srv2,none,0,2.113,0.500000
baseline,srv2,none,0,3.146,0.500000
baseline,srv2,none,0,5.064,0.548100
baseline,srv2,none,0,6.304,0.548100
baseline,srv2,none,0,7.542,0.818400
baseline,srv2,none,0,8.781,0.818400
baseline,srv2,none,0,10.020,0.813100
baseline,srv2,none,0,11.285,0.829400
baseline,srv2,none,0,12.525,0.815200
baseline,srv2,none,0,13.765,0.813400
baseline,srv2,none,0,15.047,0.813400
baseline,srv2,none,0,16.309,0.817500
baseline,srv2,none,0,17.546,0.828400
baseline,srv2,none,0,18.786,0.818300
baseline,srv2,none,0,20.024,0.819700
baseline,srv2,none,0,21.298,0.832300
baseline,srv2,none,0,22.537,0.819200
baseline,srv2,none,0,23.798,0.828700
baseline,srv2,none,0,25.187,0.819200
baseline,srv2,none,0,26.458,0.816100
baseline,srv2,none,0,27.825,0.828600
baseline,srv2,none,0,29.148,0.818400
baseline,srv2,none,0,30.477,0.819300
baseline,srv2,none,0,31.778,0.832000
baseline,srv2,none,0,33.258,0.818800
baseline,srv2,none,0,34.553,0.828600
baseline,srv2,none,0,35.959,0.832100
baseline,srv2,none,0,37.408,0.818800
baseline,srv2,none,0,38.745,0.829000
baseline,srv2,none,0,40.130,0.832800
baseline,srv2,none,0,41.633,0.819000
baseline,srv2,none,0,42.925,0.828900
baseline,srv2,none,0,44.391,0.831000
baseline,srv2,none,0,45.694,0.817400
baseline,srv2,none,0,47.100,0.828700
baseline,srv2,none,0,48.447,0.831200
baseline,srv2,none,0,49.836,0.817900
baseline,srv2,none,0,51.353,0.828300
baseline,srv2,none,0,52.737,0.830300
baseline,srv2,none,0,54.179,0.818900
baseline,srv2,none,0,56.010,0.818700
baseline,srv2,none,0,58.013,0.821500
baseline,srv2,none,0,59.610,0.828900
baseline,srv2,none,0,61.132,0.830700
baseline,srv2,none,0,62.498,0.832400
baseline,srv2,none,0,64.046,0.824000
baseline,srv2,none,0,65.558,0.829000
baseline,srv2,none,0,67.127,0.820200
baseline,srv2,none,0,68.560,0.821400
baseline,srv2,none,0,70.204,0.828000
baseline,srv2,none,0,71.929,0.827500
baseline,srv2,none,0,73.319,0.820300
baseline,srv2,none,0,74.703,0.827900
baseline,srv2,none,0,76.509,0.827700
baseline,srv2,none,0,77.958,0.828200
baseline,srv2,none,0,79.578,0.817500
baseline,srv2,none,0,81.149,0.821500
baseline,srv2,none,0,82.716,0.826800
baseline,srv2,none,0,84.629,0.827700
baseline,srv2,none,0,86.353,0.829000
baseline,srv2,none,0,87.724,0.820500
baseline,srv2,none,0,89.089,0.828100
baseline,srv2,none,0,90.542,0.828100
baseline,srv2,none,0,92.003,0.821500
baseline,srv2,none,0,93.303,0.826400
baseline,srv2,none,0,94.716,0.826800
baseline,srv2,none,0,96.051,0.822200
baseline,srv2,none,0,97.500,0.826400
baseline,srv2,none,0,99.053,0.826600
baseline,srv2,none,0,100.369,0.821300
baseline,srv2,none,0,101.769,0.832800
baseline,srv2,none,0,103.234,0.827700
baseline,srv2,none,0,104.730,0.829100
baseline,srv2,none,0,106.334,0.833300
baseline,srv2,none,0,108.058,0.833300
baseline,srv2,none,0,109.442,0.826400
baseline,srv2,none,0,110.905,0.817000
baseline,srv2,none,0,112.333,0.831900
baseline,srv2,none,0,113.783,0.820100
baseline,srv2,none,0,115.094,0.822100
baseline,srv2,none,0,116.781,0.831900
baseline,srv2,none,0,118.402,0.829700
baseline,srv2,none,0,119.994,0.818800
baseline,srv2,none,0,121.440,0.821400
baseline,srv2,none,0,123.195,0.830400
baseline,srv2,none,0,124.687,0.831400
baseline,srv2,none,0,126.045,0.818700
baseline,srv2,none,0,127.442,0.830800
baseline,srv2,none,0,128.820,0.832100
baseline,srv2,none,0,130.103,0.827200
baseline,srv2,none,0,131.448,0.832400
baseline,srv2,none,0,132.740,0.831100
baseline,srv2,none,0,134.224,0.827300
baseline,srv2,none,0,136.060,0.829800
baseline,srv2,none,0,137.566,0.819700
baseline,srv2,none,0,139.423,0.818300
baseline,srv2,none,0,140.733,0.820500
baseline,srv2,none,0,142.213,0.826700
baseline,srv2,none,0,143.701,0.820000
baseline,srv2,none,0,145.287,0.820900
baseline,srv2,none,0,146.812,0.828700
baseline,srv2,none,0,148.297,0.829100
baseline,srv2,none,0,149.588,0.820000
baseline,srv2,none,0,150.910,0.828400
baseline,srv2,none,0,152.312,0.820800
baseline,srv2,none,0,153.939,0.819400
baseline,srv2,none,0,155.575,0.810900
baseline,srv2,none,0,157.034,0.827800
baseline,srv2,none,0,158.626,0.828700
baseline,srv2,none,0,159.952,0.820800
baseline,srv2,none,0,161.410,0.805100
baseline,srv2,none,0,162.889,0.827800
baseline,srv2,none,0,164.458,0.814200
baseline,srv2,none,0,166.229,0.822400
baseline,srv2,none,0,167.645,0.833600
baseline,srv2,none,0,169.353,0.829200
baseline,srv2,none,0,170.680,0.821900
baseline,srv2,none,0,172.413,0.802700
baseline,srv2,none,0,174.061,0.833800
baseline,srv2,none,0,175.488,0.828300
baseline,srv2,none,0,177.161,0.818400
baseline,srv2,none,0,179.049,0.821100
baseline,srv2,none,0,180.586,0.829700
baseline,srv2,none,0,182.076,0.833400
baseline,srv2,none,0,183.528,0.819300
baseline,srv2,none,0,184.960,0.826800
baseline,srv2,none,0,186.685,0.827700
baseline,srv2,none,0,188.247,0.819800
baseline,srv2,none,0,189.838,0.827900
baseline,srv2,none,0,191.177,0.828700
baseline,srv2,none,0,192.558,0.832300
baseline,srv2,none,0,193.850,0.829500
baseline,srv2,none,0,195.144,0.828700
baseline,srv2,none,0,196.796,0.829400
baseline,srv2,none,0,198.591,0.831100
baseline,srv2,none,0,200.264,0.829100
baseline,srv2,none,0,201.848,0.827700
baseline,srv2,none,0,203.381,0.828800
baseline,srv2,none,0,204.923,0.813300
baseline,srv2,none,0,206.193,0.821200
baseline,srv2,none,0,207.706,0.827100
baseline,srv2,none,0,209.052,0.820900
baseline,srv2,none,0,210.582,0.828400
baseline,srv2,none,0,211.996,0.827100
baseline,srv2,none,0,213.411,0.821000
baseline,srv2,none,0,215.367,0.833900
baseline,srv2,none,0,216.997,0.817800
baseline,srv2,none,0,218.485,0.826800
baseline,srv2,none,0,220.087,0.827000
baseline,srv2,none,0,221.456,0.831900
baseline,srv2,none,0,223.008,0.827100
baseline,srv2,none,0,224.678,0.818500
baseline,srv2,none,0,226.143,0.820300
baseline,srv2,none,0,227.568,0.831100
baseline,srv2,none,0,228.864,0.817800
baseline,srv2,none,0,230.168,0.829000
baseline,srv2,none,0,231.937,0.819700
baseline,srv2,none,0,233.413,0.793100
baseline,srv2,none,0,234.789,0.819700
baseline,srv2,none,0,236.174,0.822300
baseline,srv2,none,0,237.663,0.825500
baseline,srv2,none,0,239.003,0.819800
baseline,srv2,none,0,240.610,0.826600
baseline,srv2,none,0,242.066,0.833900
baseline,srv2,none,0,243.822,0.829300
baseline,srv2,none,0,245.221,0.820100
baseline,srv2,none,0,246.706,0.778300
baseline,srv2,none,0,248.074,0.833700
baseline,srv2,none,0,249.798,0.819600
baseline,srv2,none,0,251.100,0.827300
baseline,srv2,none,0,252.451,0.834000
baseline,srv2,none,0,254.015,0.819500
baseline,srv2,none,0,255.431,0.827500
baseline,srv2,none,0,257.072,0.822400
baseline,srv2,none,0,258.736,0.830500
baseline,srv2,none,0,260.162,0.818900
baseline,srv2,none,0,261.724,0.826700
baseline,srv2,none,0,263.030,0.828700
baseline,srv2,none,0,264.632,0.829400
baseline,srv2,none,0,265.998,0.825800
baseline,srv2,none,0,267.440,0.830800
baseline,srv2,none,0,268.827,0.830800
baseline,srv2,none,0,270.190,0.819900
baseline,srv2,none,0,271.684,0.830000
baseline,srv2,none,0,273.012,0.825900
baseline,srv2,none,0,274.412,0.821700
baseline,srv2,none,0,275.822,0.828800
baseline,srv2,none,0,277.484,0.818700
baseline,srv2,none,0,278.982,0.819900
baseline,srv2,none,0,280.374,0.818800
baseline,srv2,none,0,282.125,0.820100
baseline,srv2,none,0,283.728,0.812700
baseline,srv2,none,0,285.222,0.829400
baseline,srv2,none,0,286.562,0.827100
baseline,srv2,none,0,288.044,0.813600
baseline,srv2,none,0,289.469,0.832600
baseline,srv2,none,0,290.939,0.821400
baseline,srv2,none,0,292.236,0.819500
baseline,srv2,none,0,293.635,0.831600
baseline,srv2,none,0,294.937,0.827400
baseline,srv2,none,0,296.284,0.820100
baseline,srv2,none,0,298.210,0.831100
baseline,srv2,none,0,299.644,0.828200
baseline,srv2,none,0,301.123,0.825400
baseline,srv2,none,0,302.585,0.829700
baseline,srv2,none,0,304.282,0.830300
baseline,srv2,none,0,305.711,0.825900
baseline,srv3,sybil,20,0.042,0.500000
baseline,srv3,sybil,20,1.077,0.500000
baseline,srv3,sybil,20,2.113,0.500000
baseline,srv3,sybil,20,3.146,0.500000
baseline,srv3,sybil,20,5.064,0.553600
baseline,srv3,sybil,20,6.304,0.553600
baseline,srv3,sybil,20,7.542,0.810500
baseline,srv3,sybil,20,8.781,0.810500
baseline,srv3,sybil,20,10.020,0.814800
baseline,srv3,sybil,20,11.285,0.820500
baseline,srv3,sybil,20,12.525,0.817000
baseline,srv3,sybil,20,13.765,0.817400
baseline,srv3,sybil,20,15.047,0.817400
baseline,srv3,sybil,20,16.309,0.815200
baseline,srv3,sybil,20,17.546,0.821500
baseline,srv3,sybil,20,18.786,0.814800
baseline,srv3,sybil,20,20.024,0.817700
baseline,srv3,sybil,20,21.298,0.817700
baseline,srv3,sybil,20,22.537,0.814200
baseline,srv3,sybil,20,23.798,0.822400
baseline,srv3,sybil,20,25.187,0.712400
baseline,srv3,sybil,20,26.458,0.774700
baseline,srv3,sybil,20,27.825,0.708900
baseline,srv3,sybil,20,29.148,0.724800
baseline,srv3,sybil,20,30.477,0.668100
baseline,srv3,sybil,20,31.778,0.598200
baseline,srv3,sybil,20,33.258,0.597900
baseline,srv3,sybil,20,34.553,0.605000
baseline,srv3,sybil,20,35.959,0.672400
baseline,srv3,sybil,20,37.408,0.499700
baseline,srv3,sybil,20,38.745,0.509600
baseline,srv3,sybil,20,40.130,0.558600
baseline,srv3,sybil,20,41.633,0.556400
baseline,srv3,sybil,20,42.925,0.548100
baseline,srv3,sybil,20,44.391,0.425800
baseline,srv3,sybil,20,45.694,0.582000
baseline,srv3,sybil,20,47.100,0.566500
baseline,srv3,sybil,20,48.447,0.572200
baseline,srv3,sybil,20,49.836,0.539800
baseline,srv3,sybil,20,51.353,0.546500
baseline,srv3,sybil,20,52.737,0.526000
baseline,srv3,sybil,20,54.179,0.599900
baseline,srv3,sybil,20,56.010,0.527600
baseline,srv3,sybil,20,58.013,0.560500
baseline,srv3,sybil,20,59.610,0.443400
baseline,srv3,sybil,20,61.132,0.579200
baseline,srv3,sybil,20,62.498,0.470500
baseline,srv3,sybil,20,64.046,0.475800
baseline,srv3,sybil,20,65.558,0.529600
baseline,srv3,sybil,20,67.127,0.500700
baseline,srv3,sybil,20,68.560,0.502000
baseline,srv3,sybil,20,70.204,0.447600
baseline,srv3,sybil,20,71.929,0.510200
baseline,srv3,sybil,20,73.319,0.529300
baseline,srv3,sybil,20,74.703,0.589800
baseline,srv3,sybil,20,76.509,0.557300
baseline,srv3,sybil,20,77.958,0.537100
baseline,srv3,sybil,20,79.578,0.601400
baseline,srv3,sybil,20,81.149,0.564900
baseline,srv3,sybil,20,82.716,0.504300
baseline,srv3,sybil,20,84.629,0.576500
baseline,srv3,sybil,20,86.353,0.410200
baseline,srv3,sybil,20,87.724,0.459900
baseline,srv3,sybil,20,89.089,0.532300
baseline,srv3,sybil,20,90.542,0.533700
baseline,srv3,sybil,20,92.003,0.593800
baseline,srv3,sybil,20,93.303,0.589300
baseline,srv3,sybil,20,94.716,0.414100
baseline,srv3,sybil,20,96.051,0.551200
baseline,srv3,sybil,20,97.500,0.553000
baseline,srv3,sybil,20,99.053,0.552800
baseline,srv3,sybil,20,100.369,0.578100
baseline,srv3,sybil,20,101.769,0.567900
baseline,srv3,sybil,20,103.234,0.682200
baseline,srv3,sybil,20,104.730,0.590400
baseline,srv3,sybil,20,106.334,0.689800
baseline,srv3,sybil,20,108.058,0.451900
baseline,srv3,sybil,20,109.442,0.574400
baseline,srv3,sybil,20,110.905,0.574400
baseline,srv3,sybil,20,112.333,0.598200
baseline,srv3,sybil,20,113.783,0.567000
baseline,srv3,sybil,20,115.094,0.490800
baseline,srv3,sybil,20,116.781,0.574400
baseline,srv3,sybil,20,118.402,0.562800
baseline,srv3,sybil,20,119.994,0.576600
baseline,srv3,sybil,20,121.440,0.555400
baseline,srv3,sybil,20,123.195,0.431800
baseline,srv3,sybil,20,124.687,0.575100
baseline,srv3,sybil,20,126.045,0.445000
baseline,srv3,sybil,20,127.442,0.561100
baseline,srv3,sybil,20,128.820,0.570800
baseline,srv3,sybil,20,130.103,0.589600
baseline,srv3,sybil,20,131.448,0.539200
baseline,srv3,sybil,20,132.740,0.681900
baseline,srv3,sybil,20,134.224,0.639200
baseline,srv3,sybil,20,136.060,0.720600
baseline,srv3,sybil,20,137.566,0.575000
baseline,srv3,sybil,20,139.423,0.586400
baseline,srv3,sybil,20,140.733,0.574800
baseline,srv3,sybil,20,142.213,0.465100
baseline,srv3,sybil,20,143.701,0.566600
baseline,srv3,sybil,20,145.287,0.570200
baseline,srv3,sybil,20,146.812,0.479400
baseline,srv3,sybil,20,148.297,0.479300
baseline,srv3,sybil,20,149.588,0.474300
baseline,srv3,sybil,20,150.910,0.585900
baseline,srv3,sybil,20,152.312,0.583000
baseline,srv3,sybil,20,153.939,0.445400
baseline,srv3,sybil,20,155.575,0.563700
baseline,srv3,sybil,20,157.034,0.573600
baseline,srv3,sybil,20,158.626,0.490400
baseline,srv3,sybil,20,159.952,0.598700
baseline,srv3,sybil,20,161.410,0.527900
baseline,srv3,sybil,20,162.889,0.591800
baseline,srv3,sybil,20,164.458,0.562000
baseline,srv3,sybil,20,166.229,0.405500
baseline,srv3,sybil,20,167.645,0.533300
baseline,srv3,sybil,20,169.353,0.470700
baseline,srv3,sybil,20,170.680,0.470700
baseline,srv3,sybil,20,172.413,0.548900
baseline,srv3,sybil,20,174.061,0.420200
baseline,srv3,sybil,20,175.488,0.420200
baseline,srv3,sybil,20,177.161,0.595200
baseline,srv3,sybil,20,179.049,0.436100
baseline,srv3,sybil,20,180.586,0.510900
baseline,srv3,sybil,20,182.076,0.516000
baseline,srv3,sybil,20,183.528,0.579500
baseline,srv3,sybil,20,184.960,0.562300
baseline,srv3,sybil,20,186.685,0.487100
baseline,srv3,sybil,20,188.247,0.456200
baseline,srv3,sybil,20,189.838,0.525900
baseline,srv3,sybil,20,191.177,0.478200
baseline,srv3,sybil,20,192.558,0.576600
baseline,srv3,sybil,20,193.850,0.524300
baseline,srv3,sybil,20,195.144,0.719700
baseline,srv3,sybil,20,196.796,0.750200
baseline,srv3,sybil,20,198.591,0.690300
baseline,srv3,sybil,20,200.264,0.575200
baseline,srv3,sybil,20,201.848,0.611800
baseline,srv3,sybil,20,203.381,0.556700
baseline,srv3,sybil,20,204.923,0.556700
baseline,srv3,sybil,20,206.193,0.593500
baseline,srv3,sybil,20,207.706,0.667400
baseline,srv3,sybil,20,209.052,0.557100
baseline,srv3,sybil,20,210.582,0.421500
baseline,srv3,sybil,20,211.996,0.586300
baseline,srv3,sybil,20,213.411,0.517800
baseline,srv3,sybil,20,215.367,0.570300
baseline,srv3,sybil,20,216.997,0.580300
baseline,srv3,sybil,20,218.485,0.604600
baseline,srv3,sybil,20,220.087,0.424500
baseline,srv3,sybil,20,221.456,0.597700
baseline,srv3,sybil,20,223.008,0.612600
baseline,srv3,sybil,20,224.678,0.583100
baseline,srv3,sybil,20,226.143,0.595000
baseline,srv3,sybil,20,227.568,0.586500
baseline,srv3,sybil,20,228.864,0.505000
baseline,srv3,sybil,20,230.168,0.539300
baseline,srv3,sybil,20,231.937,0.578300
baseline,srv3,sybil,20,233.413,0.425300
baseline,srv3,sybil,20,234.789,0.518200
baseline,srv3,sybil,20,236.174,0.510300
baseline,srv3,sybil,20,237.663,0.591600
baseline,srv3,sybil,20,239.003,0.547700
baseline,srv3,sybil,20,240.610,0.447500
baseline,srv3,sybil,20,242.066,0.589700
baseline,srv3,sybil,20,243.822,0.551900
baseline,srv3,sybil,20,245.221,0.573000
baseline,srv3,sybil,20,246.706,0.554500
baseline,srv3,sybil,20,248.074,0.560200
baseline,srv3,sybil,20,249.798,0.442700
baseline,srv3,sybil,20,251.100,0.519500
baseline,srv3,sybil,20,252.451,0.584100
baseline,srv3,sybil,20,254.015,0.589700
baseline,srv3,sybil,20,255.431,0.503200
baseline,srv3,sybil,20,257.072,0.479500
baseline,srv3,sybil,20,258.736,0.581500
baseline,srv3,sybil,20,260.162,0.490400
baseline,srv3,sybil,20,261.724,0.618100
baseline,srv3,sybil,20,263.030,0.594500
baseline,srv3,sybil,20,264.632,0.747200
baseline,srv3,sybil,20,265.998,0.551200
baseline,srv3,sybil,20,267.440,0.481200
baseline,srv3,sybil,20,268.827,0.590500
baseline,srv3,sybil,20,270.190,0.535700
baseline,srv3,sybil,20,271.684,0.545500
baseline,srv3,sybil,20,273.012,0.549000
baseline,srv3,sybil,20,274.412,0.483800
baseline,srv3,sybil,20,275.822,0.499600
baseline,srv3,sybil,20,277.484,0.525000
baseline,srv3,sybil,20,278.982,0.555600
baseline,srv3,sybil,20,280.374,0.530300
baseline,srv3,sybil,20,282.125,0.445500
baseline,srv3,sybil,20,283.728,0.576200
baseline,srv3,sybil,20,285.222,0.563800
baseline,srv3,sybil,20,286.562,0.477800
baseline,srv3,sybil,20,288.044,0.539900
baseline,srv3,sybil,20,289.469,0.537100
baseline,srv3,sybil,20,290.939,0.529400
baseline,srv3,sybil,20,292.236,0.561900
baseline,srv3,sybil,20,293.635,0.560900
baseline,srv3,sybil,20,294.937,0.499600
baseline,srv3,sybil,20,296.284,0.592800
baseline,srv3,sybil,20,298.210,0.429300
baseline,srv3,sybil,20,299.644,0.575700
baseline,srv3,sybil,20,301.123,0.483400
baseline,srv3,sybil,20,302.585,0.504600
baseline,srv3,sybil,20,304.282,0.512700
baseline,srv3,sybil,20,305.711,0.168700
baseline,srv4,none,0,0.042,0.500000
baseline,srv4,none,0,1.077,0.500000
baseline,srv4,none,0,2.113,0.500000
baseline,srv4,none,0,3.146,0.500000
baseline,srv4,none,0,5.064,0.546400
baseline,srv4,none,0,6.304,0.546400
baseline,srv4,none,0,7.542,0.814400
baseline,srv4,none,0,8.781,0.814400
baseline,srv4,none,0,10.020,0.816200
baseline,srv4,none,0,11.285,0.818800
baseline,srv4,none,0,12.525,0.816900
baseline,srv4,none,0,13.765,0.818800
baseline,srv4,none,0,15.047,0.818800
baseline,srv4,none,0,16.309,0.817200
baseline,srv4,none,0,17.546,0.821400
baseline,srv4,none,0,18.786,0.817900
baseline,srv4,none,0,20.024,0.818700
baseline,srv4,none,0,21.298,0.831800
baseline,srv4,none,0,22.537,0.819100
baseline,srv4,none,0,23.798,0.828900
baseline,srv4,none,0,25.187,0.819500
baseline,srv4,none,0,26.458,0.817000
baseline,srv4,none,0,27.825,0.829700
baseline,srv4,none,0,29.148,0.819000
baseline,srv4,none,0,30.477,0.818300
baseline,srv4,none,0,31.778,0.833800
baseline,srv4,none,0,33.258,0.819100
baseline,srv4,none,0,34.553,0.821500
baseline,srv4,none,0,35.959,0.833800
baseline,srv4,none,0,37.408,0.817700
baseline,srv4,none,0,38.745,0.821300
baseline,srv4,none,0,40.130,0.834400
baseline,srv4,none,0,41.633,0.817100
baseline,srv4,none,0,42.925,0.822000
baseline,srv4,none,0,44.391,0.834300
baseline,srv4,none,0,45.694,0.818400
baseline,srv4,none,0,47.100,0.829200
baseline,srv4,none,0,48.447,0.824700
baseline,srv4,none,0,49.836,0.817500
baseline,srv4,none,0,51.353,0.821800
baseline,srv4,none,0,52.737,0.834200
baseline,srv4,none,0,54.179,0.816600
baseline,srv4,none,0,56.010,0.819100
baseline,srv4,none,0,58.013,0.820400
baseline,srv4,none,0,59.610,0.826900
baseline,srv4,none,0,61.132,0.834200
baseline,srv4,none,0,62.498,0.832300
baseline,srv4,none,0,64.046,0.821400
baseline,srv4,none,0,65.558,0.829600
baseline,srv4,none,0,67.127,0.831800
baseline,srv4,none,0,68.560,0.821600
baseline,srv4,none,0,70.204,0.827600
baseline,srv4,none,0,71.929,0.826200
baseline,srv4,none,0,73.319,0.820400
baseline,srv4,none,0,74.703,0.821200
baseline,srv4,none,0,76.509,0.825500
baseline,srv4,none,0,77.958,0.825100
baseline,srv4,none,0,79.578,0.818800
baseline,srv4,none,0,81.149,0.833100
baseline,srv4,none,0,82.716,0.824600
baseline,srv4,none,0,84.629,0.826900
baseline,srv4,none,0,86.353,0.827000
baseline,srv4,none,0,87.724,0.832300
baseline,srv4,none,0,89.089,0.827300
baseline,srv4,none,0,90.542,0.827000
baseline,srv4,none,0,92.003,0.822800
baseline,srv4,none,0,93.303,0.827100
baseline,srv4,none,0,94.716,0.826800
baseline,srv4,none,0,96.051,0.821400
baseline,srv4,none,0,97.500,0.825500
baseline,srv4,none,0,99.053,0.826200
baseline,srv4,none,0,100.369,0.822600
baseline,srv4,none,0,101.769,0.832600
baseline,srv4,none,0,103.234,0.827300
baseline,srv4,none,0,104.730,0.820700
baseline,srv4,none,0,106.334,0.822500
baseline,srv4,none,0,108.058,0.834400
baseline,srv4,none,0,109.442,0.820100
baseline,srv4,none,0,110.905,0.822000
baseline,srv4,none,0,112.333,0.834300
baseline,srv4,none,0,113.783,0.820000
baseline,srv4,none,0,115.094,0.822000
baseline,srv4,none,0,116.781,0.834300
baseline,srv4,none,0,118.402,0.831700
baseline,srv4,none,0,119.994,0.819000
baseline,srv4,none,0,121.440,0.819800
baseline,srv4,none,0,123.195,0.829600
baseline,srv4,none,0,124.687,0.829600
baseline,srv4,none,0,126.045,0.826600
baseline,srv4,none,0,127.442,0.833500
baseline,srv4,none,0,128.820,0.833000
baseline,srv4,none,0,130.103,0.827600
baseline,srv4,none,0,131.448,0.833900
baseline,srv4,none,0,132.740,0.834200
baseline,srv4,none,0,134.224,0.827400
baseline,srv4,none,0,136.060,0.818400
baseline,srv4,none,0,137.566,0.818800
baseline,srv4,none,0,139.423,0.816900
baseline,srv4,none,0,140.733,0.826100
baseline,srv4,none,0,142.213,0.820600
baseline,srv4,none,0,143.701,0.817800
baseline,srv4,none,0,145.287,0.834400
baseline,srv4,none,0,146.812,0.826500
baseline,srv4,none,0,148.297,0.820100
baseline,srv4,none,0,149.588,0.820000
baseline,srv4,none,0,150.910,0.827500
baseline,srv4,none,0,152.312,0.820300
baseline,srv4,none,0,153.939,0.820800
baseline,srv4,none,0,155.575,0.827800
baseline,srv4,none,0,157.034,0.819600
baseline,srv4,none,0,158.626,0.818100
baseline,srv4,none,0,159.952,0.829000
baseline,srv4,none,0,161.410,0.827400
baseline,srv4,none,0,162.889,0.819600
baseline,srv4,none,0,164.458,0.827000
baseline,srv4,none,0,166.229,0.820400
baseline,srv4,none,0,167.645,0.819000
baseline,srv4,none,0,169.353,0.818900
baseline,srv4,none,0,170.680,0.821600
baseline,srv4,none,0,172.413,0.821900
baseline,srv4,none,0,174.061,0.814800
baseline,srv4,none,0,175.488,0.818700
baseline,srv4,none,0,177.161,0.819600
baseline,srv4,none,0,179.049,0.820000
baseline,srv4,none,0,180.586,0.821900
baseline,srv4,none,0,182.076,0.817800
baseline,srv4,none,0,183.528,0.817300
baseline,srv4,none,0,184.960,0.821400
baseline,srv4,none,0,186.685,0.829700
baseline,srv4,none,0,188.247,0.818900
baseline,srv4,none,0,189.838,0.820900
baseline,srv4,none,0,191.177,0.819900
baseline,srv4,none,0,192.558,0.832100
baseline,srv4,none,0,193.850,0.820600
baseline,srv4,none,0,195.144,0.829200
baseline,srv4,none,0,196.796,0.834500
baseline,srv4,none,0,198.591,0.831800
baseline,srv4,none,0,200.264,0.820000
baseline,srv4,none,0,201.848,0.821200
baseline,srv4,none,0,203.381,0.828400
baseline,srv4,none,0,204.923,0.820400
baseline,srv4,none,0,206.193,0.821000
baseline,srv4,none,0,207.706,0.827400
baseline,srv4,none,0,209.052,0.834100
baseline,srv4,none,0,210.582,0.821600
baseline,srv4,none,0,211.996,0.827500
baseline,srv4,none,0,213.411,0.820400
baseline,srv4,none,0,215.367,0.833900
baseline,srv4,none,0,216.997,0.821700
baseline,srv4,none,0,218.485,0.826900
baseline,srv4,none,0,220.087,0.826700
baseline,srv4,none,0,221.456,0.832500
baseline,srv4,none,0,223.008,0.820600
baseline,srv4,none,0,224.678,0.817800
baseline,srv4,none,0,226.143,0.819500
baseline,srv4,none,0,227.568,0.834000
baseline,srv4,none,0,228.864,0.820000
baseline,srv4,none,0,230.168,0.834600
baseline,srv4,none,0,231.937,0.834100
baseline,srv4,none,0,233.413,0.819200
baseline,srv4,none,0,234.789,0.820100
baseline,srv4,none,0,236.174,0.834100
baseline,srv4,none,0,237.663,0.819900
baseline,srv4,none,0,239.003,0.819300
baseline,srv4,none,0,240.610,0.833600
baseline,srv4,none,0,242.066,0.831900
baseline,srv4,none,0,243.822,0.820200
baseline,srv4,none,0,245.221,0.829200
baseline,srv4,none,0,246.706,0.820800
baseline,srv4,none,0,248.074,0.832200
baseline,srv4,none,0,249.798,0.820200
baseline,srv4,none,0,251.100,0.827500
baseline,srv4,none,0,252.451,0.832500
baseline,srv4,none,0,254.015,0.819500
baseline,srv4,none,0,255.431,0.827700
baseline,srv4,none,0,257.072,0.821300
baseline,srv4,none,0,258.736,0.834000
baseline,srv4,none,0,260.162,0.818900
baseline,srv4,none,0,261.724,0.826600
baseline,srv4,none,0,263.030,0.833800
baseline,srv4,none,0,264.632,0.830700
baseline,srv4,none,0,265.998,0.825200
baseline,srv4,none,0,267.440,0.822200
baseline,srv4,none,0,268.827,0.832500
baseline,srv4,none,0,270.190,0.821300
baseline,srv4,none,0,271.684,0.816100
baseline,srv4,none,0,273.012,0.818600
baseline,srv4,none,0,274.412,0.826800
baseline,srv4,none,0,275.822,0.820300
baseline,srv4,none,0,277.484,0.820100
baseline,srv4,none,0,278.982,0.818500
baseline,srv4,none,0,280.374,0.826500
baseline,srv4,none,0,282.125,0.820700
baseline,srv4,none,0,283.728,0.821000
baseline,srv4,none,0,285.222,0.832900
baseline,srv4,none,0,286.562,0.796800
baseline,srv4,none,0,288.044,0.820200
baseline,srv4,none,0,289.469,0.834300
baseline,srv4,none,0,290.939,0.825400
baseline,srv4,none,0,292.236,0.820800
baseline,srv4,none,0,293.635,0.834300
baseline,srv4,none,0,294.937,0.820500
baseline,srv4,none,0,296.284,0.834300
baseline,srv4,none,0,298.210,0.830300
baseline,srv4,none,0,299.644,0.831000
baseline,srv4,none,0,301.123,0.818700
baseline,srv4,none,0,302.585,0.833000
baseline,srv4,none,0,304.282,0.832100
baseline,srv4,none,0,305.711,0.815700
baseline,srv5,none,0,0.042,0.500000
baseline,srv5,none,0,1.077,0.500000
baseline,srv5,none,0,2.113,0.500000
baseline,srv5,none,0,3.146,0.500000
baseline,srv5,none,0,5.064,0.550200
baseline,srv5,none,0,6.304,0.550200
baseline,srv5,none,0,7.542,0.813900
baseline,srv5,none,0,8.781,0.813900
baseline,srv5,none,0,10.020,0.814800
baseline,srv5,none,0,11.285,0.819200
baseline,srv5,none,0,12.525,0.817500
baseline,srv5,none,0,13.765,0.817000
baseline,srv5,none,0,15.047,0.827600
baseline,srv5,none,0,16.309,0.816900
baseline,srv5,none,0,17.546,0.820800
baseline,srv5,none,0,18.786,0.815600
baseline,srv5,none,0,20.024,0.814100
baseline,srv5,none,0,21.298,0.814100
baseline,srv5,none,0,22.537,0.816100
baseline,srv5,none,0,23.798,0.825500
baseline,srv5,none,0,25.187,0.820700
baseline,srv5,none,0,26.458,0.817600
baseline,srv5,none,0,27.825,0.827900
baseline,srv5,none,0,29.148,0.819500
baseline,srv5,none,0,30.477,0.820200
baseline,srv5,none,0,31.778,0.829100
baseline,srv5,none,0,33.258,0.820100
baseline,srv5,none,0,34.553,0.821800
baseline,srv5,none,0,35.959,0.828900
baseline,srv5,none,0,37.408,0.820100
baseline,srv5,none,0,38.745,0.821600
baseline,srv5,none,0,40.130,0.829100
baseline,srv5,none,0,41.633,0.820100
baseline,srv5,none,0,42.925,0.821900
baseline,srv5,none,0,44.391,0.807800
baseline,srv5,none,0,45.694,0.820500
baseline,srv5,none,0,47.100,0.828400
baseline,srv5,none,0,48.447,0.828800
baseline,srv5,none,0,49.836,0.820600
baseline,srv5,none,0,51.353,0.822200
baseline,srv5,none,0,52.737,0.829400
baseline,srv5,none,0,54.179,0.820300
baseline,srv5,none,0,56.010,0.819700
baseline,srv5,none,0,58.013,0.819300
baseline,srv5,none,0,59.610,0.826000
baseline,srv5,none,0,61.132,0.827600
baseline,srv5,none,0,62.498,0.819500
baseline,srv5,none,0,64.046,0.821900
baseline,srv5,none,0,65.558,0.825800
baseline,srv5,none,0,67.127,0.819200
baseline,srv5,none,0,68.560,0.813200
baseline,srv5,none,0,70.204,0.817900
baseline,srv5,none,0,71.929,0.820400
baseline,srv5,none,0,73.319,0.809600
baseline,srv5,none,0,74.703,0.819100
baseline,srv5,none,0,76.509,0.820000
baseline,srv5,none,0,77.958,0.825400
baseline,srv5,none,0,79.578,0.827000
baseline,srv5,none,0,81.149,0.818400
baseline,srv5,none,0,82.716,0.820500
baseline,srv5,none,0,84.629,0.819400
baseline,srv5,none,0,86.353,0.814700
baseline,srv5,none,0,87.724,0.819400
baseline,srv5,none,0,89.089,0.820100
baseline,srv5,none,0,90.542,0.827000
baseline,srv5,none,0,92.003,0.826600
baseline,srv5,none,0,93.303,0.818200
baseline,srv5,none,0,94.716,0.821200
baseline,srv5,none,0,96.051,0.812800
baseline,srv5,none,0,97.500,0.820600
baseline,srv5,none,0,99.053,0.817700
baseline,srv5,none,0,100.369,0.828700
baseline,srv5,none,0,101.769,0.819400
baseline,srv5,none,0,103.234,0.820100
baseline,srv5,none,0,104.730,0.819000
baseline,srv5,none,0,106.334,0.818500
baseline,srv5,none,0,108.058,0.813000
baseline,srv5,none,0,109.442,0.821900
baseline,srv5,none,0,110.905,0.816900
baseline,srv5,none,0,112.333,0.812600
baseline,srv5,none,0,113.783,0.819000
baseline,srv5,none,0,115.094,0.816300
baseline,srv5,none,0,116.781,0.817400
baseline,srv5,none,0,118.402,0.820200
baseline,srv5,none,0,119.994,0.817900
baseline,srv5,none,0,121.440,0.819400
baseline,srv5,none,0,123.195,0.813100
baseline,srv5,none,0,124.687,0.817200
baseline,srv5,none,0,126.045,0.813700
baseline,srv5,none,0,127.442,0.820000
baseline,srv5,none,0,128.820,0.819400
baseline,srv5,none,0,130.103,0.825300
baseline,srv5,none,0,131.448,0.826700
baseline,srv5,none,0,132.740,0.818900
baseline,srv5,none,0,134.224,0.817500
baseline,srv5,none,0,136.060,0.819000
baseline,srv5,none,0,137.566,0.818100
baseline,srv5,none,0,139.423,0.818600
baseline,srv5,none,0,140.733,0.817200
baseline,srv5,none,0,142.213,0.818500
baseline,srv5,none,0,143.701,0.819100
baseline,srv5,none,0,145.287,0.819200
baseline,srv5,none,0,146.812,0.826900
baseline,srv5,none,0,148.297,0.820700
baseline,srv5,none,0,149.588,0.820000
baseline,srv5,none,0,150.910,0.820500
baseline,srv5,none,0,152.312,0.821800
baseline,srv5,none,0,153.939,0.820000
baseline,srv5,none,0,155.575,0.818100
baseline,srv5,none,0,157.034,0.820500
baseline,srv5,none,0,158.626,0.817600
baseline,srv5,none,0,159.952,0.819800
baseline,srv5,none,0,161.410,0.824000
baseline,srv5,none,0,162.889,0.818700
baseline,srv5,none,0,164.458,0.818700
baseline,srv5,none,0,166.229,0.820600
baseline,srv5,none,0,167.645,0.820100
baseline,srv5,none,0,169.353,0.820100
baseline,srv5,none,0,170.680,0.818300
baseline,srv5,none,0,172.413,0.818000
baseline,srv5,none,0,174.061,0.821400
baseline,srv5,none,0,175.488,0.819200
baseline,srv5,none,0,177.161,0.824600
baseline,srv5,none,0,179.049,0.819400
baseline,srv5,none,0,180.586,0.819300
baseline,srv5,none,0,182.076,0.820400
baseline,srv5,none,0,183.528,0.825900
baseline,srv5,none,0,184.960,0.820100
baseline,srv5,none,0,186.685,0.817000
baseline,srv5,none,0,188.247,0.814000
baseline,srv5,none,0,189.838,0.817300
baseline,srv5,none,0,191.177,0.816100
baseline,srv5,none,0,192.558,0.796200
baseline,srv5,none,0,193.850,0.819800
baseline,srv5,none,0,195.144,0.820100
baseline,srv5,none,0,196.796,0.820300
baseline,srv5,none,0,198.591,0.817100
baseline,srv5,none,0,200.264,0.811000
baseline,srv5,none,0,201.848,0.820200
baseline,srv5,none,0,203.381,0.818000
baseline,srv5,none,0,204.923,0.819700
baseline,srv5,none,0,206.193,0.819700
baseline,srv5,none,0,207.706,0.820700
baseline,srv5,none,0,209.052,0.819100
baseline,srv5,none,0,210.582,0.818000
baseline,srv5,none,0,211.996,0.818700
baseline,srv5,none,0,213.411,0.819100
baseline,srv5,none,0,215.367,0.820000
baseline,srv5,none,0,216.997,0.815800
baseline,srv5,none,0,218.485,0.816100
baseline,srv5,none,0,220.087,0.817000
baseline,srv5,none,0,221.456,0.817000
baseline,srv5,none,0,223.008,0.825900
baseline,srv5,none,0,224.678,0.819200
baseline,srv5,none,0,226.143,0.823900
baseline,srv5,none,0,227.568,0.818200
baseline,srv5,none,0,228.864,0.819100
baseline,srv5,none,0,230.168,0.818800
baseline,srv5,none,0,231.937,0.818900
baseline,srv5,none,0,233.413,0.811700
baseline,srv5,none,0,234.789,0.818700
baseline,srv5,none,0,236.174,0.809100
baseline,srv5,none,0,237.663,0.813500
baseline,srv5,none,0,239.003,0.818800
baseline,srv5,none,0,240.610,0.818100
baseline,srv5,none,0,242.066,0.818100
baseline,srv5,none,0,243.822,0.820900
baseline,srv5,none,0,245.221,0.816500
baseline,srv5,none,0,246.706,0.819500
baseline,srv5,none,0,248.074,0.814800
baseline,srv5,none,0,249.798,0.819700
baseline,srv5,none,0,251.100,0.815700
baseline,srv5,none,0,252.451,0.819700
baseline,srv5,none,0,254.015,0.819800
baseline,srv5,none,0,255.431,0.827300
baseline,srv5,none,0,257.072,0.808600
baseline,srv5,none,0,258.736,0.808100
baseline,srv5,none,0,260.162,0.810300
baseline,srv5,none,0,261.724,0.819800
baseline,srv5,none,0,263.030,0.820500
baseline,srv5,none,0,264.632,0.819400
baseline,srv5,none,0,265.998,0.816800
baseline,srv5,none,0,267.440,0.815400
baseline,srv5,none,0,268.827,0.829000
baseline,srv5,none,0,270.190,0.819300
baseline,srv5,none,0,271.684,0.817700
baseline,srv5,none,0,273.012,0.813500
baseline,srv5,none,0,274.412,0.819100
baseline,srv5,none,0,275.822,0.819200
baseline,srv5,none,0,277.484,0.819200
baseline,srv5,none,0,278.982,0.819700
baseline,srv5,none,0,280.374,0.819400
baseline,srv5,none,0,282.125,0.819100
baseline,srv5,none,0,283.728,0.805500
baseline,srv5,none,0,285.222,0.812000
baseline,srv5,none,0,286.562,0.819500
baseline,srv5,none,0,288.044,0.817900
baseline,srv5,none,0,289.469,0.817200
baseline,srv5,none,0,290.939,0.825800
baseline,srv5,none,0,292.236,0.810800
baseline,srv5,none,0,293.635,0.819200
baseline,srv5,none,0,294.937,0.812500
baseline,srv5,none,0,296.284,0.817800
baseline,srv5,none,0,298.210,0.817500
baseline,srv5,none,0,299.644,0.817800
baseline,srv5,none,0,301.123,0.804000
baseline,srv5,none,0,302.585,0.813700
baseline,srv5,none,0,304.282,0.815000
baseline,srv5,none,0,305.711,0.815900
baseline,srv6,drop,30,0.042,0.500000
baseline,srv6,drop,30,1.077,0.500000
baseline,srv6,drop,30,2.113,0.500000
baseline,srv6,drop,30,3.146,0.500000
baseline,srv6,drop,30,5.064,0.548300
baseline,srv6,drop,30,6.304,0.548300
baseline,srv6,drop,30,7.542,0.812900
baseline,srv6,drop,30,8.781,0.812900
baseline,srv6,drop,30,10.020,0.813900
baseline,srv6,drop,30,11.285,0.829600
baseline,srv6,drop,30,12.525,0.815800
baseline,srv6,drop,30,13.765,0.816800
baseline,srv6,drop,30,15.047,0.829500
baseline,srv6,drop,30,16.309,0.816500
baseline,srv6,drop,30,17.546,0.824100
baseline,srv6,drop,30,18.786,0.816600
baseline,srv6,drop,30,20.024,0.817100
baseline,srv6,drop,30,21.298,0.829400
baseline,srv6,drop,30,22.537,0.817300
baseline,srv6,drop,30,23.798,0.830500
baseline,srv6,drop,30,25.187,0.797300
baseline,srv6,drop,30,26.458,0.816300
baseline,srv6,drop,30,27.825,0.830300
baseline,srv6,drop,30,29.148,0.816700
baseline,srv6,drop,30,30.477,0.828800
baseline,srv6,drop,30,31.778,0.829900
baseline,srv6,drop,30,33.258,0.816800
baseline,srv6,drop,30,34.553,0.829600
baseline,srv6,drop,30,35.959,0.829600
baseline,srv6,drop,30,37.408,0.829600
baseline,srv6,drop,30,38.745,0.143900
baseline,srv6,drop,30,40.130,0.105900
baseline,srv6,drop,30,41.633,0.105900
baseline,srv6,drop,30,42.925,0.105900
baseline,srv6,drop,30,44.391,0.000000
baseline,srv6,drop,30,45.694,0.000000
baseline,srv6,drop,30,47.100,0.000000
baseline,srv6,drop,30,48.447,0.000000
baseline,srv6,drop,30,49.836,0.000000
baseline,srv6,drop,30,51.353,0.000000
baseline,srv6,drop,30,52.737,0.000000
baseline,srv6,drop,30,54.179,0.000000
baseline,srv6,drop,30,56.010,0.000000
baseline,srv6,drop,30,58.013,0.000000
baseline,srv6,drop,30,59.610,0.000000
baseline,srv6,drop,30,61.132,0.000000
baseline,srv6,drop,30,62.498,0.000000
baseline,srv6,drop,30,64.046,0.000000
baseline,srv6,drop,30,65.558,0.000000
baseline,srv6,drop,30,67.127,0.000000
baseline,srv6,drop,30,68.560,0.000000
baseline,srv6,drop,30,70.204,0.000000
baseline,srv6,drop,30,71.929,0.000000
baseline,srv6,drop,30,73.319,0.000000
baseline,srv6,drop,30,74.703,0.000000
baseline,srv6,drop,30,76.509,0.000000
baseline,srv6,drop,30,77.958,0.000000
baseline,srv6,drop,30,79.578,0.000000
baseline,srv6,drop,30,81.149,0.000000
baseline,srv6,drop,30,82.716,0.000000
baseline,srv6,drop,30,84.629,0.000000
baseline,srv6,drop,30,86.353,0.000000
baseline,srv6,drop,30,87.724,0.000000
baseline,srv6,drop,30,89.089,0.000000
baseline,srv6,drop,30,90.542,0.000000
baseline,srv6,drop,30,92.003,0.000000
baseline,srv6,drop,30,93.303,0.000000
baseline,srv6,drop,30,94.716,0.000000
baseline,srv6,drop,30,96.051,0.000000
baseline,srv6,drop,30,97.500,0.000000
baseline,srv6,drop,30,99.053,0.000000
baseline,srv6,drop,30,100.369,0.000000
baseline,srv6,drop,30,101.769,0.000000
baseline,srv6,drop,30,103.234,0.000000
baseline,srv6,drop,30,104.730,0.000000
baseline,srv6,drop,30,106.334,0.000000
baseline,srv6,drop,30,108.058,0.000000
baseline,srv6,drop,30,109.442,0.000000
baseline,srv6,drop,30,110.905,0.000000
baseline,srv6,drop,30,112.333,0.000000
baseline,srv6,drop,30,113.783,0.000000
baseline,srv6,drop,30,115.094,0.000000
baseline,srv6,drop,30,116.781,0.000000
baseline,srv6,drop,30,118.402,0.000000
baseline,srv6,drop,30,119.994,0.000000
baseline,srv6,drop,30,121.440,0.000000
baseline,srv6,drop,30,123.195,0.000000
baseline,srv6,drop,30,124.687,0.000000
baseline,srv6,drop,30,126.045,0.000000
baseline,srv6,drop,30,127.442,0.000000
baseline,srv6,drop,30,128.820,0.000000
baseline,srv6,drop,30,130.103,0.000000
baseline,srv6,drop,30,131.448,0.000000
baseline,srv6,drop,30,132.740,0.000000
baseline,srv6,drop,30,134.224,0.000000
baseline,srv6,drop,30,136.060,0.000000
baseline,srv6,drop,30,137.566,0.000000
baseline,srv6,drop,30,139.423,0.000000
baseline,srv6,drop,30,140.733,0.000000
baseline,srv6,drop,30,142.213,0.000000
baseline,srv6,drop,30,143.701,0.000000
baseline,srv6,drop,30,145.287,0.000000
baseline,srv6,drop,30,146.812,0.000000
baseline,srv6,drop,30,148.297,0.000000
baseline,srv6,drop,30,149.588,0.000000
baseline,srv6,drop,30,150.910,0.000000
baseline,srv6,drop,30,152.312,0.000000
baseline,srv6,drop,30,153.939,0.000000
baseline,srv6,drop,30,155.575,0.000000
baseline,srv6,drop,30,157.034,0.000000
baseline,srv6,drop,30,158.626,0.000000
baseline,srv6,drop,30,159.952,0.000000
baseline,srv6,drop,30,161.410,0.000000
baseline,srv6,drop,30,162.889,0.000000
baseline,srv6,drop,30,164.458,0.000000
baseline,srv6,drop,30,166.229,0.000000
baseline,srv6,drop,30,167.645,0.000000
baseline,srv6,drop,30,169.353,0.000000
baseline,srv6,drop,30,170.680,0.000000
baseline,srv6,drop,30,172.413,0.000000
baseline,srv6,drop,30,174.061,0.000000
baseline,srv6,drop,30,175.488,0.000000
baseline,srv6,drop,30,177.161,0.000000
baseline,srv6,drop,30,179.049,0.000000
baseline,srv6,drop,30,180.586,0.000000
baseline,srv6,drop,30,182.076,0.000000
baseline,srv6,drop,30,183.528,0.000000
baseline,srv6,drop,30,184.960,0.000000
baseline,srv6,drop,30,186.685,0.000000
baseline,srv6,drop,30,188.247,0.000000
baseline,srv6,drop,30,189.838,0.000000
baseline,srv6,drop,30,191.177,0.000000
baseline,srv6,drop,30,192.558,0.000000
baseline,srv6,drop,30,193.850,0.000000
baseline,srv6,drop,30,195.144,0.000000
baseline,srv6,drop,30,196.796,0.000000
baseline,srv6,drop,30,198.591,0.000000
baseline,srv6,drop,30,200.264,0.000000
baseline,srv6,drop,30,201.848,0.000000
baseline,srv6,drop,30,203.381,0.000000
baseline,srv6,drop,30,204.923,0.000000
baseline,srv6,drop,30,206.193,0.000000
baseline,srv6,drop,30,207.706,0.000000
baseline,srv6,drop,30,209.052,0.000000
baseline,srv6,drop,30,210.582,0.000000
baseline,srv6,drop,30,211.996,0.000000
baseline,srv6,drop,30,213.411,0.000000
baseline,srv6,drop,30,215.367,0.000000
baseline,srv6,drop,30,216.997,0.000000
baseline,srv6,drop,30,218.485,0.000000
baseline,srv6,drop,30,220.087,0.000000
baseline,srv6,drop,30,221.456,0.000000
baseline,srv6,drop,30,223.008,0.000000
baseline,srv6,drop,30,224.678,0.000000
baseline,srv6,drop,30,226.143,0.000000
baseline,srv6,drop,30,227.568,0.000000
baseline,srv6,drop,30,228.864,0.000000
baseline,srv6,drop,30,230.168,0.000000
baseline,srv6,drop,30,231.937,0.000000
baseline,srv6,drop,30,233.413,0.000000
baseline,srv6,drop,30,234.789,0.000000
baseline,srv6,drop,30,236.174,0.000000
baseline,srv6,drop,30,237.663,0.000000
baseline,srv6,drop,30,239.003,0.000000
baseline,srv6,drop,30,240.610,0.000000
baseline,srv6,drop,30,242.066,0.000000
baseline,srv6,drop,30,243.822,0.000000
baseline,srv6,drop,30,245.221,0.000000
baseline,srv6,drop,30,246.706,0.000000
baseline,srv6,drop,30,248.074,0.000000
baseline,srv6,drop,30,249.798,0.000000
baseline,srv6,drop,30,251.100,0.000000
baseline,srv6,drop,30,252.451,0.000000
baseline,srv6,drop,30,254.015,0.000000
baseline,srv6,drop,30,255.431,0.000000
baseline,srv6,drop,30,257.072,0.000000
baseline,srv6,drop,30,258.736,0.000000
baseline,srv6,drop,30,260.162,0.000000
baseline,srv6,drop,30,261.724,0.000000
baseline,srv6,drop,30,263.030,0.000000
baseline,srv6,drop,30,264.632,0.000000
baseline,srv6,drop,30,265.998,0.000000
baseline,srv6,drop,30,267.440,0.000000
baseline,srv6,drop,30,268.827,0.000000
baseline,srv6,drop,30,270.190,0.000000
baseline,srv6,drop,30,271.684,0.000000
baseline,srv6,drop,30,273.012,0.000000
baseline,srv6,drop,30,274.412,0.000000
baseline,srv6,drop,30,275.822,0.000000
baseline,srv6,drop,30,277.484,0.000000
baseline,srv6,drop,30,278.982,0.000000
baseline,srv6,drop,30,280.374,0.000000
baseline,srv6,drop,30,282.125,0.000000
baseline,srv6,drop,30,283.728,0.000000
baseline,srv6,drop,30,285.222,0.000000
baseline,srv6,drop,30,286.562,0.000000
baseline,srv6,drop,30,288.044,0.000000
baseline,srv6,drop,30,289.469,0.000000
baseline,srv6,drop,30,290.939,0.000000
baseline,srv6,drop,30,292.236,0.000000
baseline,srv6,drop,30,293.635,0.000000
baseline,srv6,drop,30,294.937,0.000000
baseline,srv6,drop,30,296.284,0.000000
baseline,srv6,drop,30,298.210,0.000000
baseline,srv6,drop,30,299.644,0.000000
baseline,srv6,drop,30,301.123,0.000000
baseline,srv6,drop,30,302.585,0.000000
baseline,srv6,drop,30,304.282,0.000000
baseline,srv6,drop,30,305.711,0.000000
baseline,srv7,none,0,0.042,0.500000
baseline,srv7,none,0,1.077,0.500000
baseline,srv7,none,0,2.113,0.500000
baseline,srv7,none,0,3.146,0.500000
baseline,srv7,none,0,5.064,0.554600
baseline,srv7,none,0,6.304,0.554600
baseline,srv7,none,0,7.542,0.807600
baseline,srv7,none,0,8.781,0.807600
baseline,srv7,none,0,10.020,0.814100
baseline,srv7,none,0,11.285,0.818700
baseline,srv7,none,0,12.525,0.816500
baseline,srv7,none,0,13.765,0.816500
baseline,srv7,none,0,15.047,0.816500
baseline,srv7,none,0,16.309,0.816500
baseline,srv7,none,0,17.546,0.824300
baseline,srv7,none,0,18.786,0.816800
baseline,srv7,none,0,20.024,0.817100
baseline,srv7,none,0,21.298,0.817100
baseline,srv7,none,0,22.537,0.817100
baseline,srv7,none,0,23.798,0.820500
baseline,srv7,none,0,25.187,0.803800
baseline,srv7,none,0,26.458,0.815300
baseline,srv7,none,0,27.825,0.815300
baseline,srv7,none,0,29.148,0.817000
baseline,srv7,none,0,30.477,0.818400
baseline,srv7,none,0,31.778,0.816200
baseline,srv7,none,0,33.258,0.817000
baseline,srv7,none,0,34.553,0.824300
baseline,srv7,none,0,35.959,0.816400
baseline,srv7,none,0,37.408,0.816000
baseline,srv7,none,0,38.745,0.824000
baseline,srv7,none,0,40.130,0.816900
baseline,srv7,none,0,41.633,0.816900
baseline,srv7,none,0,42.925,0.824300
baseline,srv7,none,0,44.391,0.817000
baseline,srv7,none,0,45.694,0.816500
baseline,srv7,none,0,47.100,0.824000
baseline,srv7,none,0,48.447,0.816600
baseline,srv7,none,0,49.836,0.816200
baseline,srv7,none,0,51.353,0.824100
baseline,srv7,none,0,52.737,0.817000
baseline,srv7,none,0,54.179,0.816500
baseline,srv7,none,0,56.010,0.816800
baseline,srv7,none,0,58.013,0.818600
baseline,srv7,none,0,59.610,0.824700
baseline,srv7,none,0,61.132,0.816000
baseline,srv7,none,0,62.498,0.818500
baseline,srv7,none,0,64.046,0.823500
baseline,srv7,none,0,65.558,0.817100
baseline,srv7,none,0,67.127,0.817100
baseline,srv7,none,0,68.560,0.819300
baseline,srv7,none,0,70.204,0.824500
baseline,srv7,none,0,71.929,0.816300
baseline,srv7,none,0,73.319,0.816200
baseline,srv7,none,0,74.703,0.822900
baseline,srv7,none,0,76.509,0.821700
baseline,srv7,none,0,77.958,0.810500
baseline,srv7,none,0,79.578,0.816400
baseline,srv7,none,0,81.149,0.819500
baseline,srv7,none,0,82.716,0.822500
baseline,srv7,none,0,84.629,0.816800
baseline,srv7,none,0,86.353,0.816900
baseline,srv7,none,0,87.724,0.819100
baseline,srv7,none,0,89.089,0.821700
baseline,srv7,none,0,90.542,0.799700
baseline,srv7,none,0,92.003,0.817900
baseline,srv7,none,0,93.303,0.821600
baseline,srv7,none,0,94.716,0.816600
baseline,srv7,none,0,96.051,0.820600
baseline,srv7,none,0,97.500,0.804100
baseline,srv7,none,0,99.053,0.815700
baseline,srv7,none,0,100.369,0.822600
baseline,srv7,none,0,101.769,0.821600
baseline,srv7,none,0,103.234,0.816500
baseline,srv7,none,0,104.730,0.818900
baseline,srv7,none,0,106.334,0.824400
baseline,srv7,none,0,108.058,0.823300
baseline,srv7,none,0,109.442,0.818800
baseline,srv7,none,0,110.905,0.824300
baseline,srv7,none,0,112.333,0.823800
baseline,srv7,none,0,113.783,0.816800
baseline,srv7,none,0,115.094,0.823800
baseline,srv7,none,0,116.781,0.780200
baseline,srv7,none,0,118.402,0.824200
baseline,srv7,none,0,119.994,0.817000
baseline,srv7,none,0,121.440,0.824100
baseline,srv7,none,0,123.195,0.822800
baseline,srv7,none,0,124.687,0.822700
baseline,srv7,none,0,126.045,0.819700
baseline,srv7,none,0,127.442,0.823100
baseline,srv7,none,0,128.820,0.823200
baseline,srv7,none,0,130.103,0.824200
baseline,srv7,none,0,131.448,0.823500
baseline,srv7,none,0,132.740,0.818300
baseline,srv7,none,0,134.224,0.823600
baseline,srv7,none,0,136.060,0.823800
baseline,srv7,none,0,137.566,0.820100
baseline,srv7,none,0,139.423,0.822100
baseline,srv7,none,0,140.733,0.822100
baseline,srv7,none,0,142.213,0.822700
baseline,srv7,none,0,143.701,0.813000
baseline,srv7,none,0,145.287,0.818200
baseline,srv7,none,0,146.812,0.817400
baseline,srv7,none,0,148.297,0.817600
baseline,srv7,none,0,149.588,0.817700
baseline,srv7,none,0,150.910,0.817500
baseline,srv7,none,0,152.312,0.817600
baseline,srv7,none,0,153.939,0.817500
baseline,srv7,none,0,155.575,0.817300
baseline,srv7,none,0,157.034,0.817800
baseline,srv7,none,0,158.626,0.817400
baseline,srv7,none,0,159.952,0.817400
baseline,srv7,none,0,161.410,0.815700
baseline,srv7,none,0,162.889,0.817200
baseline,srv7,none,0,164.458,0.816700
baseline,srv7,none,0,166.229,0.817500
baseline,srv7,none,0,167.645,0.816200
baseline,srv7,none,0,169.353,0.817100
baseline,srv7,none,0,170.680,0.818000
baseline,srv7,none,0,172.413,0.817200
baseline,srv7,none,0,174.061,0.816000
baseline,srv7,none,0,175.488,0.823000
baseline,srv7,none,0,177.161,0.822400
baseline,srv7,none,0,179.049,0.815200
baseline,srv7,none,0,180.586,0.814900
baseline,srv7,none,0,182.076,0.814900
baseline,srv7,none,0,183.528,0.819000
baseline,srv7,none,0,184.960,0.813900
baseline,srv7,none,0,186.685,0.801200
baseline,srv7,none,0,188.247,0.819000
baseline,srv7,none,0,189.838,0.818900
baseline,srv7,none,0,191.177,0.816800
baseline,srv7,none,0,192.558,0.819100
baseline,srv7,none,0,193.850,0.814300
baseline,srv7,none,0,195.144,0.815400
baseline,srv7,none,0,196.796,0.816700
baseline,srv7,none,0,198.591,0.818200
baseline,srv7,none,0,200.264,0.823000
baseline,srv7,none,0,201.848,0.815200
baseline,srv7,none,0,203.381,0.816900
baseline,srv7,none,0,204.923,0.818500
baseline,srv7,none,0,206.193,0.814300
baseline,srv7,none,0,207.706,0.818700
baseline,srv7,none,0,209.052,0.819500
baseline,srv7,none,0,210.582,0.816900
baseline,srv7,none,0,211.996,0.817100
baseline,srv7,none,0,213.411,0.818700
baseline,srv7,none,0,215.367,0.819400
baseline,srv7,none,0,216.997,0.816300
baseline,srv7,none,0,218.485,0.816100
baseline,srv7,none,0,220.087,0.818000
baseline,srv7,none,0,221.456,0.822000
baseline,srv7,none,0,223.008,0.816800
baseline,srv7,none,0,224.678,0.816800
baseline,srv7,none,0,226.143,0.817000
baseline,srv7,none,0,227.568,0.822600
baseline,srv7,none,0,228.864,0.818000
baseline,srv7,none,0,230.168,0.819600
baseline,srv7,none,0,231.937,0.824600
baseline,srv7,none,0,233.413,0.816700
baseline,srv7,none,0,234.789,0.818400
baseline,srv7,none,0,236.174,0.823900
baseline,srv7,none,0,237.663,0.814300
baseline,srv7,none,0,239.003,0.818300
baseline,srv7,none,0,240.610,0.824600
baseline,srv7,none,0,242.066,0.816400
baseline,srv7,none,0,243.822,0.817300
baseline,srv7,none,0,245.221,0.818900
baseline,srv7,none,0,246.706,0.824600
baseline,srv7,none,0,248.074,0.818500
baseline,srv7,none,0,249.798,0.818200
baseline,srv7,none,0,251.100,0.824100
baseline,srv7,none,0,252.451,0.817700
baseline,srv7,none,0,254.015,0.819000
baseline,srv7,none,0,255.431,0.824100
baseline,srv7,none,0,257.072,0.821300
baseline,srv7,none,0,258.736,0.818200
baseline,srv7,none,0,260.162,0.818100
baseline,srv7,none,0,261.724,0.819300
baseline,srv7,none,0,263.030,0.818000
baseline,srv7,none,0,264.632,0.818000
baseline,srv7,none,0,265.998,0.822500
baseline,srv7,none,0,267.440,0.818800
baseline,srv7,none,0,268.827,0.818300
baseline,srv7,none,0,270.190,0.824400
baseline,srv7,none,0,271.684,0.816200
baseline,srv7,none,0,273.012,0.814400
baseline,srv7,none,0,274.412,0.822700
baseline,srv7,none,0,275.822,0.818500
baseline,srv7,none,0,277.484,0.816500
baseline,srv7,none,0,278.982,0.815100
baseline,srv7,none,0,280.374,0.817300
baseline,srv7,none,0,282.125,0.816800
baseline,srv7,none,0,283.728,0.818700
baseline,srv7,none,0,285.222,0.815900
baseline,srv7,none,0,286.562,0.824000
baseline,srv7,none,0,288.044,0.817800
baseline,srv7,none,0,289.469,0.817400
baseline,srv7,none,0,290.939,0.823600
baseline,srv7,none,0,292.236,0.818600
baseline,srv7,none,0,293.635,0.817800
baseline,srv7,none,0,294.937,0.824600
baseline,srv7,none,0,296.284,0.818400
baseline,srv7,none,0,298.210,0.792200
baseline,srv7,none,0,299.644,0.817100
baseline,srv7,none,0,301.123,0.814200
baseline,srv7,none,0,302.585,0.817700
baseline,srv7,none,0,304.282,0.817000
baseline,srv7,none,0,305.711,0.817200
baseline,srv8,onoff,50,0.042,0.500000
baseline,srv8,onoff,50,1.077,0.500000
baseline,srv8,onoff,50,2.113,0.500000
baseline,srv8,onoff,50,3.146,0.500000
baseline,srv8,onoff,50,5.064,0.551900
baseline,srv8,onoff,50,6.304,0.551900
baseline,srv8,onoff,50,7.542,0.814000
baseline,srv8,onoff,50,8.781,0.814000
baseline,srv8,onoff,50,10.020,0.818100
baseline,srv8,onoff,50,11.285,0.821900
baseline,srv8,onoff,50,12.525,0.817700
baseline,srv8,onoff,50,13.765,0.819700
baseline,srv8,onoff,50,15.047,0.819700
baseline,srv8,onoff,50,16.309,0.818800
baseline,srv8,onoff,50,17.546,0.825300
baseline,srv8,onoff,50,18.786,0.819100
baseline,srv8,onoff,50,20.024,0.820100
baseline,srv8,onoff,50,21.298,0.832300
baseline,srv8,onoff,50,22.537,0.819500
baseline,srv8,onoff,50,23.798,0.820800
baseline,srv8,onoff,50,25.187,0.815300
baseline,srv8,onoff,50,26.458,0.816500
baseline,srv8,onoff,50,27.825,0.822800
baseline,srv8,onoff,50,29.148,0.817700
baseline,srv8,onoff,50,30.477,0.819100
baseline,srv8,onoff,50,31.778,0.832000
baseline,srv8,onoff,50,33.258,0.817900
baseline,srv8,onoff,50,34.553,0.825800
baseline,srv8,onoff,50,35.959,0.832300
baseline,srv8,onoff,50,37.408,0.816800
baseline,srv8,onoff,50,38.745,0.826200
baseline,srv8,onoff,50,40.130,0.832200
baseline,srv8,onoff,50,41.633,0.819700
baseline,srv8,onoff,50,42.925,0.826600
baseline,srv8,onoff,50,44.391,0.831700
baseline,srv8,onoff,50,45.694,0.818800
baseline,srv8,onoff,50,47.100,0.826700
baseline,srv8,onoff,50,48.447,0.831600
baseline,srv8,onoff,50,49.836,0.818100
baseline,srv8,onoff,50,51.353,0.825900
baseline,srv8,onoff,50,52.737,0.831800
baseline,srv8,onoff,50,54.179,0.819600
baseline,srv8,onoff,50,56.010,0.634700
baseline,srv8,onoff,50,58.013,0.616900
baseline,srv8,onoff,50,59.610,0.741100
baseline,srv8,onoff,50,61.132,0.562300
baseline,srv8,onoff,50,62.498,0.655100
baseline,srv8,onoff,50,64.046,0.667400
baseline,srv8,onoff,50,65.558,0.624100
baseline,srv8,onoff,50,67.127,0.790500
baseline,srv8,onoff,50,68.560,0.817400
baseline,srv8,onoff,50,70.204,0.819000
baseline,srv8,onoff,50,71.929,0.818800
baseline,srv8,onoff,50,73.319,0.827200
baseline,srv8,onoff,50,74.703,0.819000
baseline,srv8,onoff,50,76.509,0.719000
baseline,srv8,onoff,50,77.958,0.773500
baseline,srv8,onoff,50,79.578,0.672600
baseline,srv8,onoff,50,81.149,0.587700
baseline,srv8,onoff,50,82.716,0.610400
baseline,srv8,onoff,50,84.629,0.565000
baseline,srv8,onoff,50,86.353,0.636800
baseline,srv8,onoff,50,87.724,0.656000
baseline,srv8,onoff,50,89.089,0.813700
baseline,srv8,onoff,50,90.542,0.833900
baseline,srv8,onoff,50,92.003,0.827300
baseline,srv8,onoff,50,93.303,0.827600
baseline,srv8,onoff,50,94.716,0.833600
baseline,srv8,onoff,50,96.051,0.785400
baseline,srv8,onoff,50,97.500,0.706100
baseline,srv8,onoff,50,99.053,0.741800
baseline,srv8,onoff,50,100.369,0.569900
baseline,srv8,onoff,50,101.769,0.621700
baseline,srv8,onoff,50,103.234,0.579000
baseline,srv8,onoff,50,104.730,0.677900
baseline,srv8,onoff,50,106.334,0.639400
baseline,srv8,onoff,50,108.058,0.762900
baseline,srv8,onoff,50,109.442,0.779700
baseline,srv8,onoff,50,110.905,0.792900
baseline,srv8,onoff,50,112.333,0.817200
baseline,srv8,onoff,50,113.783,0.826600
baseline,srv8,onoff,50,115.094,0.833300
baseline,srv8,onoff,50,116.781,0.709500
baseline,srv8,onoff,50,118.402,0.632200
baseline,srv8,onoff,50,119.994,0.689700
baseline,srv8,onoff,50,121.440,0.541700
baseline,srv8,onoff,50,123.195,0.510600
baseline,srv8,onoff,50,124.687,0.591700
baseline,srv8,onoff,50,126.045,0.635200
baseline,srv8,onoff,50,127.442,0.714400
baseline,srv8,onoff,50,128.820,0.724000
baseline,srv8,onoff,50,130.103,0.744800
baseline,srv8,onoff,50,131.448,0.817100
baseline,srv8,onoff,50,132.740,0.826800
baseline,srv8,onoff,50,134.224,0.832000
baseline,srv8,onoff,50,136.060,0.738300
baseline,srv8,onoff,50,137.566,0.701700
baseline,srv8,onoff,50,139.423,0.691900
baseline,srv8,onoff,50,140.733,0.592200
baseline,srv8,onoff,50,142.213,0.726600
baseline,srv8,onoff,50,143.701,0.569800
baseline,srv8,onoff,50,145.287,0.600000
baseline,srv8,onoff,50,146.812,0.514100
baseline,srv8,onoff,50,148.297,0.680800
baseline,srv8,onoff,50,149.588,0.699500
baseline,srv8,onoff,50,150.910,0.824100
baseline,srv8,onoff,50,152.312,0.827500
baseline,srv8,onoff,50,153.939,0.831500
baseline,srv8,onoff,50,155.575,0.744800
baseline,srv8,onoff,50,157.034,0.763600
baseline,srv8,onoff,50,158.626,0.670400
baseline,srv8,onoff,50,159.952,0.707200
baseline,srv8,onoff,50,161.410,0.660700
baseline,srv8,onoff,50,162.889,0.669900
baseline,srv8,onoff,50,164.458,0.684900
baseline,srv8,onoff,50,166.229,0.780600
baseline,srv8,onoff,50,167.645,0.644500
baseline,srv8,onoff,50,169.353,0.659600
baseline,srv8,onoff,50,170.680,0.667700
baseline,srv8,onoff,50,172.413,0.824000
baseline,srv8,onoff,50,174.061,0.828200
baseline,srv8,onoff,50,175.488,0.820800
baseline,srv8,onoff,50,177.161,0.643800
baseline,srv8,onoff,50,179.049,0.655000
baseline,srv8,onoff,50,180.586,0.515100
baseline,srv8,onoff,50,182.076,0.532900
baseline,srv8,onoff,50,183.528,0.489600
baseline,srv8,onoff,50,184.960,0.507000
baseline,srv8,onoff,50,186.685,0.607500
baseline,srv8,onoff,50,188.247,0.453800
baseline,srv8,onoff,50,189.838,0.612800
baseline,srv8,onoff,50,191.177,0.629300
baseline,srv8,onoff,50,192.558,0.825400
baseline,srv8,onoff,50,193.850,0.823700
baseline,srv8,onoff,50,195.144,0.819800
baseline,srv8,onoff,50,196.796,0.759800
baseline,srv8,onoff,50,198.591,0.690400
baseline,srv8,onoff,50,200.264,0.670700
baseline,srv8,onoff,50,201.848,0.591100
baseline,srv8,onoff,50,203.381,0.527900
baseline,srv8,onoff,50,204.923,0.486100
baseline,srv8,onoff,50,206.193,0.620000
baseline,srv8,onoff,50,207.706,0.434400
baseline,srv8,onoff,50,209.052,0.461500
baseline,srv8,onoff,50,210.582,0.395300
baseline,srv8,onoff,50,211.996,0.829300
baseline,srv8,onoff,50,213.411,0.819300
baseline,srv8,onoff,50,215.367,0.819500
baseline,srv8,onoff,50,216.997,0.715600
baseline,srv8,onoff,50,218.485,0.773300
baseline,srv8,onoff,50,220.087,0.593200
baseline,srv8,onoff,50,221.456,0.562800
baseline,srv8,onoff,50,223.008,0.657900
baseline,srv8,onoff,50,224.678,0.594100
baseline,srv8,onoff,50,226.143,0.604000
baseline,srv8,onoff,50,227.568,0.428100
baseline,srv8,onoff,50,228.864,0.420000
baseline,srv8,onoff,50,230.168,0.441500
baseline,srv8,onoff,50,231.937,0.677300
baseline,srv8,onoff,50,233.413,0.816900
baseline,srv8,onoff,50,234.789,0.819800
baseline,srv8,onoff,50,236.174,0.807700
baseline,srv8,onoff,50,237.663,0.805400
baseline,srv8,onoff,50,239.003,0.708400
baseline,srv8,onoff,50,240.610,0.676400
baseline,srv8,onoff,50,242.066,0.671600
baseline,srv8,onoff,50,243.822,0.559400
baseline,srv8,onoff,50,245.221,0.593300
baseline,srv8,onoff,50,246.706,0.627400
baseline,srv8,onoff,50,248.074,0.431400
baseline,srv8,onoff,50,249.798,0.428300
baseline,srv8,onoff,50,251.100,0.428500
baseline,srv8,onoff,50,252.451,0.659400
baseline,srv8,onoff,50,254.015,0.827900
baseline,srv8,onoff,50,255.431,0.828400
baseline,srv8,onoff,50,257.072,0.743800
baseline,srv8,onoff,50,258.736,0.790600
baseline,srv8,onoff,50,260.162,0.648400
baseline,srv8,onoff,50,261.724,0.740600
baseline,srv8,onoff,50,263.030,0.760400
baseline,srv8,onoff,50,264.632,0.730100
baseline,srv8,onoff,50,265.998,0.649100
baseline,srv8,onoff,50,267.440,0.433800
baseline,srv8,onoff,50,268.827,0.425700
baseline,srv8,onoff,50,270.190,0.420000
baseline,srv8,onoff,50,271.684,0.642700
baseline,srv8,onoff,50,273.012,0.828100
baseline,srv8,onoff,50,274.412,0.821000
baseline,srv8,onoff,50,275.822,0.833800
baseline,srv8,onoff,50,277.484,0.759900
baseline,srv8,onoff,50,278.982,0.726100
baseline,srv8,onoff,50,280.374,0.752800
baseline,srv8,onoff,50,282.125,0.477600
baseline,srv8,onoff,50,283.728,0.543400
baseline,srv8,onoff,50,285.222,0.581100
baseline,srv8,onoff,50,286.562,0.533200
baseline,srv8,onoff,50,288.044,0.425900
baseline,srv8,onoff,50,289.469,0.432400
baseline,srv8,onoff,50,290.939,0.433200
baseline,srv8,onoff,50,292.236,0.668900
baseline,srv8,onoff,50,293.635,0.824500
baseline,srv8,onoff,50,294.937,0.832500
baseline,srv8,onoff,50,296.284,0.820100
baseline,srv8,onoff,50,298.210,0.772200
baseline,srv8,onoff,50,299.644,0.647700
baseline,srv8,onoff,50,301.123,0.701200
baseline,srv8,onoff,50,302.585,0.591200
baseline,srv8,onoff,50,304.282,0.658300
baseline,srv8,onoff,50,305.711,0.576400
zero_trust,srv1,grayhole,40,0.021,0.500000
zero_trust,srv1,grayhole,40,1.028,0.500000
zero_trust,srv1,grayhole,40,2.040,0.500000
zero_trust,srv1,grayhole,40,3.048,0.500000
zero_trust,srv1,grayhole,40,4.258,0.500000
zero_trust,srv1,grayhole,40,5.290,0.684100
zero_trust,srv1,grayhole,40,7.153,0.684100
zero_trust,srv1,grayhole,40,8.186,0.789400
zero_trust,srv1,grayhole,40,9.219,0.789400
zero_trust,srv1,grayhole,40,10.252,0.805800
zero_trust,srv1,grayhole,40,11.285,0.805800
zero_trust,srv1,grayhole,40,12.317,0.750600
zero_trust,srv1,grayhole,40,13.351,0.750600
zero_trust,srv1,grayhole,40,14.384,0.750600
zero_trust,srv1,grayhole,40,15.417,0.750600
zero_trust,srv1,grayhole,40,16.468,0.767700
zero_trust,srv1,grayhole,40,17.500,0.767700
zero_trust,srv1,grayhole,40,18.532,0.767700
zero_trust,srv1,grayhole,40,19.565,0.793800
zero_trust,srv1,grayhole,40,20.597,0.780900
zero_trust,srv1,grayhole,40,21.629,0.799300
zero_trust,srv1,grayhole,40,22.662,0.796900
zero_trust,srv1,grayhole,40,23.695,0.764600
zero_trust,srv1,grayhole,40,24.814,0.797500
zero_trust,srv1,grayhole,40,25.995,0.798100
zero_trust,srv1,grayhole,40,27.309,0.801500
zero_trust,srv1,grayhole,40,28.427,0.798400
zero_trust,srv1,grayhole,40,29.729,0.805600
zero_trust,srv1,grayhole,40,30.877,0.830100
zero_trust,srv1,grayhole,40,32.151,0.813600
zero_trust,srv1,grayhole,40,33.386,0.812800
zero_trust,srv1,grayhole,40,34.731,0.794000
zero_trust,srv1,grayhole,40,35.977,0.803400
zero_trust,srv1,grayhole,40,37.124,0.797400
zero_trust,srv1,grayhole,40,38.191,0.783400
zero_trust,srv1,grayhole,40,39.710,0.808900
zero_trust,srv1,grayhole,40,40.889,0.808900
zero_trust,srv1,grayhole,40,42.097,0.794800
zero_trust,srv1,grayhole,40,43.402,0.794800
zero_trust,srv1,grayhole,40,44.976,0.795500
zero_trust,srv1,grayhole,40,46.089,0.795000
zero_trust,srv1,grayhole,40,47.266,0.783600
zero_trust,srv1,grayhole,40,48.488,0.783600
zero_trust,srv1,grayhole,40,49.754,0.419000
zero_trust,srv1,grayhole,40,51.036,0.419000
zero_trust,srv1,grayhole,40,52.081,0.419000
zero_trust,srv1,grayhole,40,53.418,0.419000
zero_trust,srv1,grayhole,40,54.611,0.419000
zero_trust,srv1,grayhole,40,55.762,0.419000
zero_trust,srv1,grayhole,40,57.057,0.419000
zero_trust,srv1,grayhole,40,58.265,0.419000
zero_trust,srv1,grayhole,40,59.545,0.419000
zero_trust,srv1,grayhole,40,60.893,0.419000
zero_trust,srv1,grayhole,40,62.035,0.621200
zero_trust,srv1,grayhole,40,63.212,0.621200
zero_trust,srv1,grayhole,40,64.384,0.621200
zero_trust,srv1,grayhole,40,65.496,0.621200
zero_trust,srv1,grayhole,40,66.700,0.621200
zero_trust,srv1,grayhole,40,67.868,0.621200
zero_trust,srv1,grayhole,40,68.933,0.621200
zero_trust,srv1,grayhole,40,70.403,0.621200
zero_trust,srv1,grayhole,40,71.866,0.621200
zero_trust,srv1,grayhole,40,73.058,0.621200
zero_trust,srv1,grayhole,40,74.389,0.621200
zero_trust,srv1,grayhole,40,75.591,0.621200
zero_trust,srv1,grayhole,40,76.802,0.621200
zero_trust,srv1,grayhole,40,78.099,0.743800
zero_trust,srv1,grayhole,40,79.349,0.743800
zero_trust,srv1,grayhole,40,80.825,0.807800
zero_trust,srv1,grayhole,40,82.088,0.422600
zero_trust,srv1,grayhole,40,83.549,0.362300
zero_trust,srv1,grayhole,40,85.499,0.357500
zero_trust,srv1,grayhole,40,86.581,0.357500
zero_trust,srv1,grayhole,40,87.785,0.357500
zero_trust,srv1,grayhole,40,88.991,0.357500
zero_trust,srv1,grayhole,40,90.344,0.357500
zero_trust,srv1,grayhole,40,91.447,0.357500
zero_trust,srv1,grayhole,40,92.555,0.357500
zero_trust,srv1,grayhole,40,93.772,0.357500
zero_trust,srv1,grayhole,40,94.928,0.357500
zero_trust,srv1,grayhole,40,96.073,0.357500
zero_trust,srv1,grayhole,40,97.303,0.357500
zero_trust,srv1,grayhole,40,98.631,0.357500
zero_trust,srv1,grayhole,40,99.758,0.357500
zero_trust,srv1,grayhole,40,101.231,0.357500
zero_trust,srv1,grayhole,40,102.463,0.357500
zero_trust,srv1,grayhole,40,103.645,0.357500
zero_trust,srv1,grayhole,40,104.813,0.357500
zero_trust,srv1,grayhole,40,105.923,0.249100
zero_trust,srv1,grayhole,40,107.016,0.249100
zero_trust,srv1,grayhole,40,108.258,0.249100
zero_trust,srv1,grayhole,40,109.371,0.249100
zero_trust,srv1,grayhole,40,110.514,0.249100
zero_trust,srv1,grayhole,40,112.035,0.249100
zero_trust,srv1,grayhole,40,113.124,0.249100
zero_trust,srv1,grayhole,40,114.281,0.249100
zero_trust,srv1,grayhole,40,115.377,0.249100
zero_trust,srv1,grayhole,40,116.636,0.249100
zero_trust,srv1,grayhole,40,117.807,0.249100
zero_trust,srv1,grayhole,40,118.992,0.249100
zero_trust,srv1,grayhole,40,120.203,0.249100
zero_trust,srv1,grayhole,40,121.349,0.249100
zero_trust,srv1,grayhole,40,122.403,0.249100
zero_trust,srv1,grayhole,40,123.506,0.249100
zero_trust,srv1,grayhole,40,124.765,0.249100
zero_trust,srv1,grayhole,40,125.971,0.249100
zero_trust,srv1,grayhole,40,127.079,0.249100
zero_trust,srv1,grayhole,40,128.575,0.249100
zero_trust,srv1,grayhole,40,129.882,0.249100
zero_trust,srv1,grayhole,40,131.307,0.249100
zero_trust,srv1,grayhole,40,132.549,0.249100
zero_trust,srv1,grayhole,40,133.941,0.249100
zero_trust,srv1,grayhole,40,135.149,0.249100
zero_trust,srv1,grayhole,40,136.252,0.249100
zero_trust,srv1,grayhole,40,137.420,0.249100
zero_trust,srv1,grayhole,40,138.555,0.249100
zero_trust,srv1,grayhole,40,139.924,0.249100
zero_trust,srv1,grayhole,40,141.194,0.249100
zero_trust,srv1,grayhole,40,142.427,0.249100
zero_trust,srv1,grayhole,40,143.581,0.249100
zero_trust,srv1,grayhole,40,144.779,0.249100
zero_trust,srv1,grayhole,40,146.161,0.249100
zero_trust,srv1,grayhole,40,147.523,0.249100
zero_trust,srv1,grayhole,40,148.573,0.249100
zero_trust,srv1,grayhole,40,149.670,0.249100
zero_trust,srv1,grayhole,40,151.189,0.249100
zero_trust,srv1,grayhole,40,152.257,0.249100
zero_trust,srv1,grayhole,40,153.572,0.249100
zero_trust,srv1,grayhole,40,154.789,0.249100
zero_trust,srv1,grayhole,40,156.082,0.249100
zero_trust,srv1,grayhole,40,157.530,0.249100
zero_trust,srv1,grayhole,40,158.804,0.249100
zero_trust,srv1,grayhole,40,160.042,0.249100
zero_trust,srv1,grayhole,40,161.120,0.249100
zero_trust,srv1,grayhole,40,162.351,0.249100
zero_trust,srv1,grayhole,40,163.550,0.249100
zero_trust,srv1,grayhole,40,164.814,0.249100
zero_trust,srv1,grayhole,40,165.973,0.249100
zero_trust,srv1,grayhole,40,167.675,0.249100
zero_trust,srv1,grayhole,40,168.858,0.249100
zero_trust,srv1,grayhole,40,170.017,0.249100
zero_trust,srv1,grayhole,40,171.314,0.249100
zero_trust,srv1,grayhole,40,172.408,0.249100
zero_trust,srv1,grayhole,40,173.535,0.249100
zero_trust,srv1,grayhole,40,174.808,0.249100
zero_trust,srv1,grayhole,40,176.364,0.249100
zero_trust,srv1,grayhole,40,177.479,0.249100
zero_trust,srv1,grayhole,40,178.858,0.249100
zero_trust,srv1,grayhole,40,180.048,0.249100
zero_trust,srv1,grayhole,40,181.316,0.249100
zero_trust,srv1,grayhole,40,182.510,0.249100
zero_trust,srv1,grayhole,40,183.722,0.249100
zero_trust,srv1,grayhole,40,184.917,0.249100
zero_trust,srv1,grayhole,40,185.988,0.249100
zero_trust,srv1,grayhole,40,187.302,0.249100
zero_trust,srv1,grayhole,40,188.486,0.249100
zero_trust,srv1,grayhole,40,189.595,0.249100
zero_trust,srv1,grayhole,40,190.967,0.249100
zero_trust,srv1,grayhole,40,192.022,0.249100
zero_trust,srv1,grayhole,40,193.392,0.249100
zero_trust,srv1,grayhole,40,194.910,0.249100
zero_trust,srv1,grayhole,40,196.183,0.249100
zero_trust,srv1,grayhole,40,197.461,0.249100
zero_trust,srv1,grayhole,40,198.675,0.249100
zero_trust,srv1,grayhole,40,199.999,0.249100
zero_trust,srv1,grayhole,40,201.201,0.249100
zero_trust,srv1,grayhole,40,202.332,0.249100
zero_trust,srv1,grayhole,40,203.578,0.249100
zero_trust,srv1,grayhole,40,204.691,0.249100
zero_trust,srv1,grayhole,40,205.951,0.249100
zero_trust,srv1,grayhole,40,207.025,0.249100
zero_trust,srv1,grayhole,40,208.239,0.249100
zero_trust,srv1,grayhole,40,209.299,0.249100
zero_trust,srv1,grayhole,40,210.498,0.249100
zero_trust,srv1,grayhole,40,211.596,0.249100
zero_trust,srv1,grayhole,40,212.726,0.249100
zero_trust,srv1,grayhole,40,213.992,0.249100
zero_trust,srv1,grayhole,40,215.139,0.249100
zero_trust,srv1,grayhole,40,216.246,0.249100
zero_trust,srv1,grayhole,40,217.365,0.249100
zero_trust,srv1,grayhole,40,218.509,0.249100
zero_trust,srv1,grayhole,40,219.698,0.249100
zero_trust,srv1,grayhole,40,220.871,0.249100
zero_trust,srv1,grayhole,40,222.016,0.249100
zero_trust,srv1,grayhole,40,223.214,0.249100
zero_trust,srv1,grayhole,40,224.363,0.249100
zero_trust,srv1,grayhole,40,225.557,0.249100
zero_trust,srv1,grayhole,40,226.919,0.249100
zero_trust,srv1,grayhole,40,228.007,0.249100
zero_trust,srv1,grayhole,40,229.524,0.249100
zero_trust,srv1,grayhole,40,230.761,0.249100
zero_trust,srv1,grayhole,40,231.913,0.249100
zero_trust,srv1,grayhole,40,233.094,0.249100
zero_trust,srv1,grayhole,40,234.627,0.249100
zero_trust,srv1,grayhole,40,235.696,0.249100
zero_trust,srv1,grayhole,40,236.969,0.249100
zero_trust,srv1,grayhole,40,239.129,0.249100
zero_trust,srv1,grayhole,40,240.329,0.249100
zero_trust,srv1,grayhole,40,241.577,0.249100
zero_trust,srv1,grayhole,40,242.656,0.249100
zero_trust,srv1,grayhole,40,243.791,0.249100
zero_trust,srv1,grayhole,40,245.024,0.249100
zero_trust,srv1,grayhole,40,246.360,0.249100
zero_trust,srv1,grayhole,40,247.564,0.249100
zero_trust,srv1,grayhole,40,248.707,0.249100
zero_trust,srv1,grayhole,40,249.871,0.249100
zero_trust,srv1,grayhole,40,251.098,0.249100
zero_trust,srv1,grayhole,40,252.228,0.249100
zero_trust,srv1,grayhole,40,253.539,0.249100
zero_trust,srv1,grayhole,40,254.681,0.249100
zero_trust,srv1,grayhole,40,255.902,0.249100
zero_trust,srv1,grayhole,40,257.108,0.249100
zero_trust,srv1,grayhole,40,258.353,0.249100
zero_trust,srv1,grayhole,40,259.583,0.249100
zero_trust,srv1,grayhole,40,260.827,0.249100
zero_trust,srv1,grayhole,40,261.992,0.249100
zero_trust,srv1,grayhole,40,263.300,0.249100
zero_trust,srv1,grayhole,40,264.383,0.249100
zero_trust,srv1,grayhole,40,265.542,0.249100
zero_trust,srv1,grayhole,40,266.821,0.249100
zero_trust,srv1,grayhole,40,267.916,0.249100
zero_trust,srv1,grayhole,40,269.434,0.249100
zero_trust,srv1,grayhole,40,270.562,0.249100
zero_trust,srv1,grayhole,40,272.747,0.249100
zero_trust,srv1,grayhole,40,273.857,0.249100
zero_trust,srv1,grayhole,40,275.016,0.249100
zero_trust,srv1,grayhole,40,276.237,0.249100
zero_trust,srv1,grayhole,40,277.545,0.249100
zero_trust,srv1,grayhole,40,278.723,0.249100
zero_trust,srv1,grayhole,40,279.840,0.249100
zero_trust,srv1,grayhole,40,281.024,0.249100
zero_trust,srv1,grayhole,40,282.270,0.249100
zero_trust,srv1,grayhole,40,283.545,0.249100
zero_trust,srv1,grayhole,40,284.866,0.249100
zero_trust,srv1,grayhole,40,286.017,0.249100
zero_trust,srv1,grayhole,40,287.268,0.249100
zero_trust,srv1,grayhole,40,288.352,0.249100
zero_trust,srv1,grayhole,40,289.663,0.249100
zero_trust,srv1,grayhole,40,290.798,0.249100
zero_trust,srv1,grayhole,40,291.878,0.249100
zero_trust,srv1,grayhole,40,293.059,0.249100
zero_trust,srv1,grayhole,40,294.168,0.249100
zero_trust,srv1,grayhole,40,295.545,0.249100
zero_trust,srv1,grayhole,40,296.712,0.249100
zero_trust,srv1,grayhole,40,297.762,0.249100
zero_trust,srv1,grayhole,40,299.035,0.249100
zero_trust,srv1,grayhole,40,300.109,0.249100
zero_trust,srv1,grayhole,40,301.190,0.249100
zero_trust,srv1,grayhole,40,302.403,0.249100
zero_trust,srv1,grayhole,40,303.544,0.249100
zero_trust,srv1,grayhole,40,305.704,0.249100
zero_trust,srv1,grayhole,40,306.812,0.249100
zero_trust,srv1,grayhole,40,307.904,0.249100
zero_trust,srv1,grayhole,40,309.042,0.249100
zero_trust,srv2,none,0,0.021,0.500000
zero_trust,srv2,none,0,1.028,0.500000
zero_trust,srv2,none,0,2.040,0.500000
zero_trust,srv2,none,0,3.048,0.500000
zero_trust,srv2,none,0,4.258,0.500000
zero_trust,srv2,none,0,5.290,0.729900
zero_trust,srv2,none,0,7.153,0.729900
zero_trust,srv2,none,0,8.186,0.760400
zero_trust,srv2,none,0,9.219,0.760400
zero_trust,srv2,none,0,10.252,0.767400
zero_trust,srv2,none,0,11.285,0.767400
zero_trust,srv2,none,0,12.317,0.742700
zero_trust,srv2,none,0,13.351,0.742700
zero_trust,srv2,none,0,14.384,0.772700
zero_trust,srv2,none,0,15.417,0.772700
zero_trust,srv2,none,0,16.468,0.773800
zero_trust,srv2,none,0,17.500,0.793100
zero_trust,srv2,none,0,18.532,0.802400
zero_trust,srv2,none,0,19.565,0.821100
zero_trust,srv2,none,0,20.597,0.802700
zero_trust,srv2,none,0,21.629,0.798600
zero_trust,srv2,none,0,22.662,0.782400
zero_trust,srv2,none,0,23.695,0.797000
zero_trust,srv2,none,0,24.814,0.810400
zero_trust,srv2,none,0,25.995,0.797200
zero_trust,srv2,none,0,27.309,0.813900
zero_trust,srv2,none,0,28.427,0.800800
zero_trust,srv2,none,0,29.729,0.794100
zero_trust,srv2,none,0,30.877,0.810800
zero_trust,srv2,none,0,32.151,0.793500
zero_trust,srv2,none,0,33.386,0.801900
zero_trust,srv2,none,0,34.731,0.793000
zero_trust,srv2,none,0,35.977,0.799500
zero_trust,srv2,none,0,37.124,0.807700
zero_trust,srv2,none,0,38.191,0.808800
zero_trust,srv2,none,0,39.710,0.809400
zero_trust,srv2,none,0,40.889,0.798100
zero_trust,srv2,none,0,42.097,0.798100
zero_trust,srv2,none,0,43.402,0.790900
zero_trust,srv2,none,0,44.976,0.799700
zero_trust,srv2,none,0,46.089,0.808100
zero_trust,srv2,none,0,47.266,0.796300
zero_trust,srv2,none,0,48.488,0.800000
zero_trust,srv2,none,0,49.754,0.810500
zero_trust,srv2,none,0,51.036,0.800700
zero_trust,srv2,none,0,52.081,0.812700
zero_trust,srv2,none,0,53.418,0.794300
zero_trust,srv2,none,0,54.611,0.807200
zero_trust,srv2,none,0,55.762,0.796900
zero_trust,srv2,none,0,57.057,0.803900
zero_trust,srv2,none,0,58.265,0.792100
zero_trust,srv2,none,0,59.545,0.792100
zero_trust,srv2,none,0,60.893,0.785300
zero_trust,srv2,none,0,62.035,0.785300
zero_trust,srv2,none,0,63.212,0.790000
zero_trust,srv2,none,0,64.384,0.804000
zero_trust,srv2,none,0,65.496,0.805600
zero_trust,srv2,none,0,66.700,0.797600
zero_trust,srv2,none,0,67.868,0.802900
zero_trust,srv2,none,0,68.933,0.812300
zero_trust,srv2,none,0,70.403,0.795700
zero_trust,srv2,none,0,71.866,0.799300
zero_trust,srv2,none,0,73.058,0.746600
zero_trust,srv2,none,0,74.389,0.801100
zero_trust,srv2,none,0,75.591,0.804800
zero_trust,srv2,none,0,76.802,0.793900
zero_trust,srv2,none,0,78.099,0.809900
zero_trust,srv2,none,0,79.349,0.748000
zero_trust,srv2,none,0,80.825,0.797600
zero_trust,srv2,none,0,82.088,0.797400
zero_trust,srv2,none,0,83.549,0.788500
zero_trust,srv2,none,0,85.499,0.811100
zero_trust,srv2,none,0,86.581,0.795300
zero_trust,srv2,none,0,87.785,0.811400
zero_trust,srv2,none,0,88.991,0.740600
zero_trust,srv2,none,0,90.344,0.740600
zero_trust,srv2,none,0,91.447,0.794400
zero_trust,srv2,none,0,92.555,0.797700
zero_trust,srv2,none,0,93.772,0.802400
zero_trust,srv2,none,0,94.928,0.810100
zero_trust,srv2,none,0,96.073,0.808800
zero_trust,srv2,none,0,97.303,0.813400
zero_trust,srv2,none,0,98.631,0.816800
zero_trust,srv2,none,0,99.758,0.808500
zero_trust,srv2,none,0,101.231,0.799900
zero_trust,srv2,none,0,102.463,0.805700
zero_trust,srv2,none,0,103.645,0.811000
zero_trust,srv2,none,0,104.813,0.812900
zero_trust,srv2,none,0,105.923,0.809800
zero_trust,srv2,none,0,107.016,0.816100
zero_trust,srv2,none,0,108.258,0.801900
zero_trust,srv2,none,0,109.371,0.797400
zero_trust,srv2,none,0,110.514,0.800700
zero_trust,srv2,none,0,112.035,0.810100
zero_trust,srv2,none,0,113.124,0.789300
zero_trust,srv2,none,0,114.281,0.808400
zero_trust,srv2,none,0,115.377,0.805400
zero_trust,srv2,none,0,116.636,0.798900
zero_trust,srv2,none,0,117.807,0.799300
zero_trust,srv2,none,0,118.992,0.795500
zero_trust,srv2,none,0,120.203,0.803200
zero_trust,srv2,none,0,121.349,0.794200
zero_trust,srv2,none,0,122.403,0.793100
zero_trust,srv2,none,0,123.506,0.809500
zero_trust,srv2,none,0,124.765,0.818200
zero_trust,srv2,none,0,125.971,0.803200
zero_trust,srv2,none,0,127.079,0.796300
zero_trust,srv2,none,0,128.575,0.808900
zero_trust,srv2,none,0,129.882,0.798800
zero_trust,srv2,none,0,131.307,0.762400
zero_trust,srv2,none,0,132.549,0.806700
zero_trust,srv2,none,0,133.941,0.812400
zero_trust,srv2,none,0,135.149,0.802700
zero_trust,srv2,none,0,136.252,0.796000
zero_trust,srv2,none,0,137.420,0.800000
zero_trust,srv2,none,0,138.555,0.805700
zero_trust,srv2,none,0,139.924,0.809400
zero_trust,srv2,none,0,141.194,0.801400
zero_trust,srv2,none,0,142.427,0.813100
zero_trust,srv2,none,0,143.581,0.807600
zero_trust,srv2,none,0,144.779,0.808900
zero_trust,srv2,none,0,146.161,0.803400
zero_trust,srv2,none,0,147.523,0.805100
zero_trust,srv2,none,0,148.573,0.811700
zero_trust,srv2,none,0,149.670,0.800700
zero_trust,srv2,none,0,151.189,0.809500
zero_trust,srv2,none,0,152.257,0.800100
zero_trust,srv2,none,0,153.572,0.811100
zero_trust,srv2,none,0,154.789,0.800300
zero_trust,srv2,none,0,156.082,0.800300
zero_trust,srv2,none,0,157.530,0.798200
zero_trust,srv2,none,0,158.804,0.808900
zero_trust,srv2,none,0,160.042,0.788800
zero_trust,srv2,none,0,161.120,0.808200
zero_trust,srv2,none,0,162.351,0.787700
zero_trust,srv2,none,0,163.550,0.801100
zero_trust,srv2,none,0,164.814,0.801600
zero_trust,srv2,none,0,165.973,0.808500
zero_trust,srv2,none,0,167.675,0.800300
zero_trust,srv2,none,0,168.858,0.818500
zero_trust,srv2,none,0,170.017,0.788600
zero_trust,srv2,none,0,171.314,0.797800
zero_trust,srv2,none,0,172.408,0.797800
zero_trust,srv2,none,0,173.535,0.799200
zero_trust,srv2,none,0,174.808,0.802100
zero_trust,srv2,none,0,176.364,0.811600
zero_trust,srv2,none,0,177.479,0.818400
zero_trust,srv2,none,0,178.858,0.794000
zero_trust,srv2,none,0,180.048,0.784000
zero_trust,srv2,none,0,181.316,0.806800
zero_trust,srv2,none,0,182.510,0.806800
zero_trust,srv2,none,0,183.722,0.793500
zero_trust,srv2,none,0,184.917,0.795500
zero_trust,srv2,none,0,185.988,0.807500
zero_trust,srv2,none,0,187.302,0.804700
zero_trust,srv2,none,0,188.486,0.797100
zero_trust,srv2,none,0,189.595,0.809400
zero_trust,srv2,none,0,190.967,0.789600
zero_trust,srv2,none,0,192.022,0.811300
zero_trust,srv2,none,0,193.392,0.818500
zero_trust,srv2,none,0,194.910,0.799400
zero_trust,srv2,none,0,196.183,0.807900
zero_trust,srv2,none,0,197.461,0.809400
zero_trust,srv2,none,0,198.675,0.800200
zero_trust,srv2,none,0,199.999,0.800100
zero_trust,srv2,none,0,201.201,0.805200
zero_trust,srv2,none,0,202.332,0.719500
zero_trust,srv2,none,0,203.578,0.798500
zero_trust,srv2,none,0,204.691,0.811300
zero_trust,srv2,none,0,205.951,0.794400
zero_trust,srv2,none,0,207.025,0.788700
zero_trust,srv2,none,0,208.239,0.802000
zero_trust,srv2,none,0,209.299,0.805000
zero_trust,srv2,none,0,210.498,0.813300
zero_trust,srv2,none,0,211.596,0.800500
zero_trust,srv2,none,0,212.726,0.808600
zero_trust,srv2,none,0,213.992,0.773500
zero_trust,srv2,none,0,215.139,0.811200
zero_trust,srv2,none,0,216.246,0.795800
zero_trust,srv2,none,0,217.365,0.802900
zero_trust,srv2,none,0,218.509,0.791900
zero_trust,srv2,none,0,219.698,0.797800
zero_trust,srv2,none,0,220.871,0.800200
zero_trust,srv2,none,0,222.016,0.793700
zero_trust,srv2,none,0,223.214,0.790200
zero_trust,srv2,none,0,224.363,0.804500
zero_trust,srv2,none,0,225.557,0.810500
zero_trust,srv2,none,0,226.919,0.797300
zero_trust,srv2,none,0,228.007,0.762400
zero_trust,srv2,none,0,229.524,0.794900
zero_trust,srv2,none,0,230.761,0.813400
zero_trust,srv2,none,0,231.913,0.827400
zero_trust,srv2,none,0,233.094,0.790600
zero_trust,srv2,none,0,234.627,0.790600
zero_trust,srv2,none,0,235.696,0.809300
zero_trust,srv2,none,0,236.969,0.805900
zero_trust,srv2,none,0,239.129,0.800900
zero_trust,srv2,none,0,240.329,0.810500
zero_trust,srv2,none,0,241.577,0.805300
zero_trust,srv2,none,0,242.656,0.798700
zero_trust,srv2,none,0,243.791,0.766300
zero_trust,srv2,none,0,245.024,0.803900
zero_trust,srv2,none,0,246.360,0.798300
zero_trust,srv2,none,0,247.564,0.819100
zero_trust,srv2,none,0,248.707,0.801600
zero_trust,srv2,none,0,249.871,0.812300
zero_trust,srv2,none,0,251.098,0.811700
zero_trust,srv2,none,0,252.228,0.805400
zero_trust,srv2,none,0,253.539,0.816000
zero_trust,srv2,none,0,254.681,0.809600
zero_trust,srv2,none,0,255.902,0.801600
zero_trust,srv2,none,0,257.108,0.810300
zero_trust,srv2,none,0,258.353,0.793700
zero_trust,srv2,none,0,259.583,0.794900
zero_trust,srv2,none,0,260.827,0.799400
zero_trust,srv2,none,0,261.992,0.811300
zero_trust,srv2,none,0,263.300,0.809900
zero_trust,srv2,none,0,264.383,0.801700
zero_trust,srv2,none,0,265.542,0.818700
zero_trust,srv2,none,0,266.821,0.797500
zero_trust,srv2,none,0,267.916,0.787900
zero_trust,srv2,none,0,269.434,0.810500
zero_trust,srv2,none,0,270.562,0.807900
zero_trust,srv2,none,0,272.747,0.808000
zero_trust,srv2,none,0,273.857,0.806000
zero_trust,srv2,none,0,275.016,0.798600
zero_trust,srv2,none,0,276.237,0.816000
zero_trust,srv2,none,0,277.545,0.763500
zero_trust,srv2,none,0,278.723,0.763500
zero_trust,srv2,none,0,279.840,0.763500
zero_trust,srv2,none,0,281.024,0.801700
zero_trust,srv2,none,0,282.270,0.796200
zero_trust,srv2,none,0,283.545,0.786500
zero_trust,srv2,none,0,284.866,0.798500
zero_trust,srv2,none,0,286.017,0.809500
zero_trust,srv2,none,0,287.268,0.811500
zero_trust,srv2,none,0,288.352,0.809100
zero_trust,srv2,none,0,289.663,0.806700
zero_trust,srv2,none,0,290.798,0.808300
zero_trust,srv2,none,0,291.878,0.803300
zero_trust,srv2,none,0,293.059,0.806100
zero_trust,srv2,none,0,294.168,0.810600
zero_trust,srv2,none,0,295.545,0.790700
zero_trust,srv2,none,0,296.712,0.811400
zero_trust,srv2,none,0,297.762,0.738700
zero_trust,srv2,none,0,299.035,0.738700
zero_trust,srv2,none,0,300.109,0.800500
zero_trust,srv2,none,0,301.190,0.806400
zero_trust,srv2,none,0,302.403,0.795700
zero_trust,srv2,none,0,303.544,0.795400
zero_trust,srv2,none,0,305.704,0.795500
zero_trust,srv2,none,0,306.812,0.527100
zero_trust,srv2,none,0,307.904,0.795900
zero_trust,srv2,none,0,309.042,0.799500
zero_trust,srv3,sybil,20,0.021,0.500000
zero_trust,srv3,sybil,20,1.028,0.500000
zero_trust,srv3,sybil,20,2.040,0.500000
zero_trust,srv3,sybil,20,3.048,0.500000
zero_trust,srv3,sybil,20,4.258,0.500000
zero_trust,srv3,sybil,20,5.290,0.719500
zero_trust,srv3,sybil,20,7.153,0.719500
zero_trust,srv3,sybil,20,8.186,0.759600
zero_trust,srv3,sybil,20,9.219,0.759600
zero_trust,srv3,sybil,20,10.252,0.772400
zero_trust,srv3,sybil,20,11.285,0.772400
zero_trust,srv3,sybil,20,12.317,0.772400
zero_trust,srv3,sybil,20,13.351,0.772400
zero_trust,srv3,sybil,20,14.384,0.792700
zero_trust,srv3,sybil,20,15.417,0.792700
zero_trust,srv3,sybil,20,16.468,0.763200
zero_trust,srv3,sybil,20,17.500,0.789100
zero_trust,srv3,sybil,20,18.532,0.803300
zero_trust,srv3,sybil,20,19.565,0.796500
zero_trust,srv3,sybil,20,20.597,0.798900
zero_trust,srv3,sybil,20,21.629,0.777200
zero_trust,srv3,sybil,20,22.662,0.777200
zero_trust,srv3,sybil,20,23.695,0.777200
zero_trust,srv3,sybil,20,24.814,0.810200
zero_trust,srv3,sybil,20,25.995,0.646000
zero_trust,srv3,sybil,20,27.309,0.646000
zero_trust,srv3,sybil,20,28.427,0.646000
zero_trust,srv3,sybil,20,29.729,0.646000
zero_trust,srv3,sybil,20,30.877,0.646000
zero_trust,srv3,sybil,20,32.151,0.646000
zero_trust,srv3,sybil,20,33.386,0.646000
zero_trust,srv3,sybil,20,34.731,0.646000
zero_trust,srv3,sybil,20,35.977,0.646000
zero_trust,srv3,sybil,20,37.124,0.646000
zero_trust,srv3,sybil,20,38.191,0.646000
zero_trust,srv3,sybil,20,39.710,0.646000
zero_trust,srv3,sybil,20,40.889,0.646000
zero_trust,srv3,sybil,20,42.097,0.646000
zero_trust,srv3,sybil,20,43.402,0.646000
zero_trust,srv3,sybil,20,44.976,0.646000
zero_trust,srv3,sybil,20,46.089,0.646000
zero_trust,srv3,sybil,20,47.266,0.646000
zero_trust,srv3,sybil,20,48.488,0.646000
zero_trust,srv3,sybil,20,49.754,0.646000
zero_trust,srv3,sybil,20,51.036,0.646000
zero_trust,srv3,sybil,20,52.081,0.646000
zero_trust,srv3,sybil,20,53.418,0.646000
zero_trust,srv3,sybil,20,54.611,0.646000
zero_trust,srv3,sybil,20,55.762,0.646000
zero_trust,srv3,sybil,20,57.057,0.646000
zero_trust,srv3,sybil,20,58.265,0.646000
zero_trust,srv3,sybil,20,59.545,0.646000
zero_trust,srv3,sybil,20,60.893,0.646000
zero_trust,srv3,sybil,20,62.035,0.646000
zero_trust,srv3,sybil,20,63.212,0.646000
zero_trust,srv3,sybil,20,64.384,0.646000
zero_trust,srv3,sybil,20,65.496,0.646000
zero_trust,srv3,sybil,20,66.700,0.646000
zero_trust,srv3,sybil,20,67.868,0.646000
zero_trust,srv3,sybil,20,68.933,0.646000
zero_trust,srv3,sybil,20,70.403,0.646000
zero_trust,srv3,sybil,20,71.866,0.646000
zero_trust,srv3,sybil,20,73.058,0.646000
zero_trust,srv3,sybil,20,74.389,0.646000
zero_trust,srv3,sybil,20,75.591,0.646000
zero_trust,srv3,sybil,20,76.802,0.646000
zero_trust,srv3,sybil,20,78.099,0.646000
zero_trust,srv3,sybil,20,79.349,0.646000
zero_trust,srv3,sybil,20,80.825,0.646000
zero_trust,srv3,sybil,20,82.088,0.646000
zero_trust,srv3,sybil,20,83.549,0.646000
zero_trust,srv3,sybil,20,85.499,0.646000
zero_trust,srv3,sybil,20,86.581,0.646000
zero_trust,srv3,sybil,20,87.785,0.646000
zero_trust,srv3,sybil,20,88.991,0.646000
zero_trust,srv3,sybil,20,90.344,0.646000
zero_trust,srv3,sybil,20,91.447,0.646000
zero_trust,srv3,sybil,20,92.555,0.646000
zero_trust,srv3,sybil,20,93.772,0.646000
zero_trust,srv3,sybil,20,94.928,0.646000
zero_trust,srv3,sybil,20,96.073,0.646000
zero_trust,srv3,sybil,20,97.303,0.646000
zero_trust,srv3,sybil,20,98.631,0.646000
zero_trust,srv3,sybil,20,99.758,0.646000
zero_trust,srv3,sybil,20,101.231,0.646000
zero_trust,srv3,sybil,20,102.463,0.646000
zero_trust,srv3,sybil,20,103.645,0.646000
zero_trust,srv3,sybil,20,104.813,0.685200
zero_trust,srv3,sybil,20,105.923,0.699600
zero_trust,srv3,sybil,20,107.016,0.575600
zero_trust,srv3,sybil,20,108.258,0.575600
zero_trust,srv3,sybil,20,109.371,0.575600
zero_trust,srv3,sybil,20,110.514,0.575600
zero_trust,srv3,sybil,20,112.035,0.575600
zero_trust,srv3,sybil,20,113.124,0.575600
zero_trust,srv3,sybil,20,114.281,0.625600
zero_trust,srv3,sybil,20,115.377,0.625600
zero_trust,srv3,sybil,20,116.636,0.588300
zero_trust,srv3,sybil,20,117.807,0.737100
zero_trust,srv3,sybil,20,118.992,0.659900
zero_trust,srv3,sybil,20,120.203,0.659900
zero_trust,srv3,sybil,20,121.349,0.673200
zero_trust,srv3,sybil,20,122.403,0.673200
zero_trust,srv3,sybil,20,123.506,0.673200
zero_trust,srv3,sybil,20,124.765,0.673200
zero_trust,srv3,sybil,20,125.971,0.673200
zero_trust,srv3,sybil,20,127.079,0.673200
zero_trust,srv3,sybil,20,128.575,0.673200
zero_trust,srv3,sybil,20,129.882,0.673200
zero_trust,srv3,sybil,20,131.307,0.673200
zero_trust,srv3,sybil,20,132.549,0.673200
zero_trust,srv3,sybil,20,133.941,0.673200
zero_trust,srv3,sybil,20,135.149,0.673200
zero_trust,srv3,sybil,20,136.252,0.673200
zero_trust,srv3,sybil,20,137.420,0.673200
zero_trust,srv3,sybil,20,138.555,0.673200
zero_trust,srv3,sybil,20,139.924,0.673200
zero_trust,srv3,sybil,20,141.194,0.673200
zero_trust,srv3,sybil,20,142.427,0.673200
zero_trust,srv3,sybil,20,143.581,0.673200
zero_trust,srv3,sybil,20,144.779,0.673200
zero_trust,srv3,sybil,20,146.161,0.673200
zero_trust,srv3,sybil,20,147.523,0.673200
zero_trust,srv3,sybil,20,148.573,0.673200
zero_trust,srv3,sybil,20,149.670,0.673200
zero_trust,srv3,sybil,20,151.189,0.584600
zero_trust,srv3,sybil,20,152.257,0.584600
zero_trust,srv3,sybil,20,153.572,0.584600
zero_trust,srv3,sybil,20,154.789,0.584600
zero_trust,srv3,sybil,20,156.082,0.584600
zero_trust,srv3,sybil,20,157.530,0.584600
zero_trust,srv3,sybil,20,158.804,0.584600
zero_trust,srv3,sybil,20,160.042,0.584600
zero_trust,srv3,sybil,20,161.120,0.584600
zero_trust,srv3,sybil,20,162.351,0.639200
zero_trust,srv3,sybil,20,163.550,0.744400
zero_trust,srv3,sybil,20,164.814,0.744400
zero_trust,srv3,sybil,20,165.973,0.744400
zero_trust,srv3,sybil,20,167.675,0.744400
zero_trust,srv3,sybil,20,168.858,0.744400
zero_trust,srv3,sybil,20,170.017,0.744400
zero_trust,srv3,sybil,20,171.314,0.744400
zero_trust,srv3,sybil,20,172.408,0.744400
zero_trust,srv3,sybil,20,173.535,0.744400
zero_trust,srv3,sybil,20,174.808,0.744400
zero_trust,srv3,sybil,20,176.364,0.744400
zero_trust,srv3,sybil,20,177.479,0.744400
zero_trust,srv3,sybil,20,178.858,0.744400
zero_trust,srv3,sybil,20,180.048,0.744400
zero_trust,srv3,sybil,20,181.316,0.744400
zero_trust,srv3,sybil,20,182.510,0.744400
zero_trust,srv3,sybil,20,183.722,0.744400
zero_trust,srv3,sybil,20,184.917,0.744400
zero_trust,srv3,sybil,20,185.988,0.744400
zero_trust,srv3,sybil,20,187.302,0.705800
zero_trust,srv3,sybil,20,188.486,0.705800
zero_trust,srv3,sybil,20,189.595,0.705800
zero_trust,srv3,sybil,20,190.967,0.705800
zero_trust,srv3,sybil,20,192.022,0.705800
zero_trust,srv3,sybil,20,193.392,0.705800
zero_trust,srv3,sybil,20,194.910,0.705800
zero_trust,srv3,sybil,20,196.183,0.705800
zero_trust,srv3,sybil,20,197.461,0.705800
zero_trust,srv3,sybil,20,198.675,0.705800
zero_trust,srv3,sybil,20,199.999,0.705800
zero_trust,srv3,sybil,20,201.201,0.705800
zero_trust,srv3,sybil,20,202.332,0.705800
zero_trust,srv3,sybil,20,203.578,0.705800
zero_trust,srv3,sybil,20,204.691,0.705800
zero_trust,srv3,sybil,20,205.951,0.705800
zero_trust,srv3,sybil,20,207.025,0.705800
zero_trust,srv3,sybil,20,208.239,0.705800
zero_trust,srv3,sybil,20,209.299,0.705800
zero_trust,srv3,sybil,20,210.498,0.705800
zero_trust,srv3,sybil,20,211.596,0.705800
zero_trust,srv3,sybil,20,212.726,0.705800
zero_trust,srv3,sybil,20,213.992,0.705800
zero_trust,srv3,sybil,20,215.139,0.705800
zero_trust,srv3,sybil,20,216.246,0.705800
zero_trust,srv3,sybil,20,217.365,0.705800
zero_trust,srv3,sybil,20,218.509,0.705800
zero_trust,srv3,sybil,20,219.698,0.705800
zero_trust,srv3,sybil,20,220.871,0.705800
zero_trust,srv3,sybil,20,222.016,0.705800
zero_trust,srv3,sybil,20,223.214,0.705800
zero_trust,srv3,sybil,20,224.363,0.705800
zero_trust,srv3,sybil,20,225.557,0.705800
zero_trust,srv3,sybil,20,226.919,0.705800
zero_trust,srv3,sybil,20,228.007,0.705800
zero_trust,srv3,sybil,20,229.524,0.705800
zero_trust,srv3,sybil,20,230.761,0.705800
zero_trust,srv3,sybil,20,231.913,0.705800
zero_trust,srv3,sybil,20,233.094,0.705800
zero_trust,srv3,sybil,20,234.627,0.705800
zero_trust,srv3,sybil,20,235.696,0.705800
zero_trust,srv3,sybil,20,236.969,0.705800
zero_trust,srv3,sybil,20,239.129,0.705800
zero_trust,srv3,sybil,20,240.329,0.705800
zero_trust,srv3,sybil,20,241.577,0.705800
zero_trust,srv3,sybil,20,242.656,0.705800
zero_trust,srv3,sybil,20,243.791,0.705800
zero_trust,srv3,sybil,20,245.024,0.705800
zero_trust,srv3,sybil,20,246.360,0.705800
zero_trust,srv3,sybil,20,247.564,0.705800
zero_trust,srv3,sybil,20,248.707,0.705800
zero_trust,srv3,sybil,20,249.871,0.705800
zero_trust,srv3,sybil,20,251.098,0.705800
zero_trust,srv3,sybil,20,252.228,0.705800
zero_trust,srv3,sybil,20,253.539,0.705800
zero_trust,srv3,sybil,20,254.681,0.705800
zero_trust,srv3,sybil,20,255.902,0.705800
zero_trust,srv3,sybil,20,257.108,0.705800
zero_trust,srv3,sybil,20,258.353,0.705800
zero_trust,srv3,sybil,20,259.583,0.705800
zero_trust,srv3,sybil,20,260.827,0.705800
zero_trust,srv3,sybil,20,261.992,0.705800
zero_trust,srv3,sybil,20,263.300,0.705800
zero_trust,srv3,sybil,20,264.383,0.705800
zero_trust,srv3,sybil,20,265.542,0.705800
zero_trust,srv3,sybil,20,266.821,0.705800
zero_trust,srv3,sybil,20,267.916,0.705800
zero_trust,srv3,sybil,20,269.434,0.705800
zero_trust,srv3,sybil,20,270.562,0.705800
zero_trust,srv3,sybil,20,272.747,0.705800
zero_trust,srv3,sybil,20,273.857,0.705800
zero_trust,srv3,sybil,20,275.016,0.653600
zero_trust,srv3,sybil,20,276.237,0.653600
zero_trust,srv3,sybil,20,277.545,0.653600
zero_trust,srv3,sybil,20,278.723,0.653600
zero_trust,srv3,sybil,20,279.840,0.653600
zero_trust,srv3,sybil,20,281.024,0.653600
zero_trust,srv3,sybil,20,282.270,0.653600
zero_trust,srv3,sybil,20,283.545,0.653600
zero_trust,srv3,sybil,20,284.866,0.653600
zero_trust,srv3,sybil,20,286.017,0.653600
zero_trust,srv3,sybil,20,287.268,0.653600
zero_trust,srv3,sybil,20,288.352,0.653600
zero_trust,srv3,sybil,20,289.663,0.653600
zero_trust,srv3,sybil,20,290.798,0.653600
zero_trust,srv3,sybil,20,291.878,0.653600
zero_trust,srv3,sybil,20,293.059,0.653600
zero_trust,srv3,sybil,20,294.168,0.653600
zero_trust,srv3,sybil,20,295.545,0.653600
zero_trust,srv3,sybil,20,296.712,0.653600
zero_trust,srv3,sybil,20,297.762,0.653600
zero_trust,srv3,sybil,20,299.035,0.653600
zero_trust,srv3,sybil,20,300.109,0.653600
zero_trust,srv3,sybil,20,301.190,0.653600
zero_trust,srv3,sybil,20,302.403,0.698900
zero_trust,srv3,sybil,20,303.544,0.698900
zero_trust,srv3,sybil,20,305.704,0.698900
zero_trust,srv3,sybil,20,306.812,0.698900
zero_trust,srv3,sybil,20,307.904,0.698900
zero_trust,srv3,sybil,20,309.042,0.698900
zero_trust,srv4,none,0,0.021,0.500000
zero_trust,srv4,none,0,1.028,0.500000
zero_trust,srv4,none,0,2.040,0.500000
zero_trust,srv4,none,0,3.048,0.500000
zero_trust,srv4,none,0,4.258,0.500000
zero_trust,srv4,none,0,5.290,0.682200
zero_trust,srv4,none,0,7.153,0.682200
zero_trust,srv4,none,0,8.186,0.757900
zero_trust,srv4,none,0,9.219,0.757900
zero_trust,srv4,none,0,10.252,0.770700
zero_trust,srv4,none,0,11.285,0.770700
zero_trust,srv4,none,0,12.317,0.756300
zero_trust,srv4,none,0,13.351,0.756300
zero_trust,srv4,none,0,14.384,0.767100
zero_trust,srv4,none,0,15.417,0.767100
zero_trust,srv4,none,0,16.468,0.797100
zero_trust,srv4,none,0,17.500,0.798300
zero_trust,srv4,none,0,18.532,0.800900
zero_trust,srv4,none,0,19.565,0.773600
zero_trust,srv4,none,0,20.597,0.791300
zero_trust,srv4,none,0,21.629,0.795000
zero_trust,srv4,none,0,22.662,0.803400
zero_trust,srv4,none,0,23.695,0.769600
zero_trust,srv4,none,0,24.814,0.798700
zero_trust,srv4,none,0,25.995,0.800700
zero_trust,srv4,none,0,27.309,0.798100
zero_trust,srv4,none,0,28.427,0.793400
zero_trust,srv4,none,0,29.729,0.795500
zero_trust,srv4,none,0,30.877,0.795500
zero_trust,srv4,none,0,32.151,0.797700
zero_trust,srv4,none,0,33.386,0.809700
zero_trust,srv4,none,0,34.731,0.793800
zero_trust,srv4,none,0,35.977,0.804500
zero_trust,srv4,none,0,37.124,0.778500
zero_trust,srv4,none,0,38.191,0.778500
zero_trust,srv4,none,0,39.710,0.771700
zero_trust,srv4,none,0,40.889,0.797000
zero_trust,srv4,none,0,42.097,0.803000
zero_trust,srv4,none,0,43.402,0.832800
zero_trust,srv4,none,0,44.976,0.796900
zero_trust,srv4,none,0,46.089,0.796900
zero_trust,srv4,none,0,47.266,0.800500
zero_trust,srv4,none,0,48.488,0.800500
zero_trust,srv4,none,0,49.754,0.796300
zero_trust,srv4,none,0,51.036,0.796900
zero_trust,srv4,none,0,52.081,0.790700
zero_trust,srv4,none,0,53.418,0.796400
zero_trust,srv4,none,0,54.611,0.801700
zero_trust,srv4,none,0,55.762,0.794600
zero_trust,srv4,none,0,57.057,0.802900
zero_trust,srv4,none,0,58.265,0.794000
zero_trust,srv4,none,0,59.545,0.801800
zero_trust,srv4,none,0,60.893,0.806300
zero_trust,srv4,none,0,62.035,0.800000
zero_trust,srv4,none,0,63.212,0.813800
zero_trust,srv4,none,0,64.384,0.778800
zero_trust,srv4,none,0,65.496,0.803400
zero_trust,srv4,none,0,66.700,0.808300
zero_trust,srv4,none,0,67.868,0.805500
zero_trust,srv4,none,0,68.933,0.793000
zero_trust,srv4,none,0,70.403,0.807900
zero_trust,srv4,none,0,71.866,0.804700
zero_trust,srv4,none,0,73.058,0.796600
zero_trust,srv4,none,0,74.389,0.810400
zero_trust,srv4,none,0,75.591,0.805200
zero_trust,srv4,none,0,76.802,0.809200
zero_trust,srv4,none,0,78.099,0.798400
zero_trust,srv4,none,0,79.349,0.790800
zero_trust,srv4,none,0,80.825,0.806000
zero_trust,srv4,none,0,82.088,0.799300
zero_trust,srv4,none,0,83.549,0.800200
zero_trust,srv4,none,0,85.499,0.802500
zero_trust,srv4,none,0,86.581,0.793500
zero_trust,srv4,none,0,87.785,0.802600
zero_trust,srv4,none,0,88.991,0.810700
zero_trust,srv4,none,0,90.344,0.808800
zero_trust,srv4,none,0,91.447,0.793000
zero_trust,srv4,none,0,92.555,0.793000
zero_trust,srv4,none,0,93.772,0.808400
zero_trust,srv4,none,0,94.928,0.795800
zero_trust,srv4,none,0,96.073,0.795800
zero_trust,srv4,none,0,97.303,0.809100
zero_trust,srv4,none,0,98.631,0.802500
zero_trust,srv4,none,0,99.758,0.796900
zero_trust,srv4,none,0,101.231,0.801500
zero_trust,srv4,none,0,102.463,0.796500
zero_trust,srv4,none,0,103.645,0.806500
zero_trust,srv4,none,0,104.813,0.804500
zero_trust,srv4,none,0,105.923,0.789500
zero_trust,srv4,none,0,107.016,0.812600
zero_trust,srv4,none,0,108.258,0.805300
zero_trust,srv4,none,0,109.371,0.804300
zero_trust,srv4,none,0,110.514,0.796800
zero_trust,srv4,none,0,112.035,0.804300
zero_trust,srv4,none,0,113.124,0.788400
zero_trust,srv4,none,0,114.281,0.807700
zero_trust,srv4,none,0,115.377,0.795000
zero_trust,srv4,none,0,116.636,0.795000
zero_trust,srv4,none,0,117.807,0.796000
zero_trust,srv4,none,0,118.992,0.802300
zero_trust,srv4,none,0,120.203,0.802100
zero_trust,srv4,none,0,121.349,0.806800
zero_trust,srv4,none,0,122.403,0.810400
zero_trust,srv4,none,0,123.506,0.796000
zero_trust,srv4,none,0,124.765,0.801500
zero_trust,srv4,none,0,125.971,0.797100
zero_trust,srv4,none,0,127.079,0.810800
zero_trust,srv4,none,0,128.575,0.787000
zero_trust,srv4,none,0,129.882,0.810100
zero_trust,srv4,none,0,131.307,0.805800
zero_trust,srv4,none,0,132.549,0.797100
zero_trust,srv4,none,0,133.941,0.795500
zero_trust,srv4,none,0,135.149,0.789000
zero_trust,srv4,none,0,136.252,0.777300
zero_trust,srv4,none,0,137.420,0.808100
zero_trust,srv4,none,0,138.555,0.795900
zero_trust,srv4,none,0,139.924,0.797400
zero_trust,srv4,none,0,141.194,0.794000
zero_trust,srv4,none,0,142.427,0.817900
zero_trust,srv4,none,0,143.581,0.795300
zero_trust,srv4,none,0,144.779,0.808200
zero_trust,srv4,none,0,146.161,0.786700
zero_trust,srv4,none,0,147.523,0.795300
zero_trust,srv4,none,0,148.573,0.808300
zero_trust,srv4,none,0,149.670,0.797600
zero_trust,srv4,none,0,151.189,0.796300
zero_trust,srv4,none,0,152.257,0.794300
zero_trust,srv4,none,0,153.572,0.829200
zero_trust,srv4,none,0,154.789,0.811000
zero_trust,srv4,none,0,156.082,0.801100
zero_trust,srv4,none,0,157.530,0.826700
zero_trust,srv4,none,0,158.804,0.807600
zero_trust,srv4,none,0,160.042,0.797000
zero_trust,srv4,none,0,161.120,0.795800
zero_trust,srv4,none,0,162.351,0.810600
zero_trust,srv4,none,0,163.550,0.797900
zero_trust,srv4,none,0,164.814,0.793800
zero_trust,srv4,none,0,165.973,0.755600
zero_trust,srv4,none,0,167.675,0.755600
zero_trust,srv4,none,0,168.858,0.755600
zero_trust,srv4,none,0,170.017,0.828400
zero_trust,srv4,none,0,171.314,0.792100
zero_trust,srv4,none,0,172.408,0.803100
zero_trust,srv4,none,0,173.535,0.761200
zero_trust,srv4,none,0,174.808,0.761200
zero_trust,srv4,none,0,176.364,0.761200
zero_trust,srv4,none,0,177.479,0.761200
zero_trust,srv4,none,0,178.858,0.806600
zero_trust,srv4,none,0,180.048,0.801200
zero_trust,srv4,none,0,181.316,0.798300
zero_trust,srv4,none,0,182.510,0.795800
zero_trust,srv4,none,0,183.722,0.794200
zero_trust,srv4,none,0,184.917,0.794200
zero_trust,srv4,none,0,185.988,0.794200
zero_trust,srv4,none,0,187.302,0.796000
zero_trust,srv4,none,0,188.486,0.801900
zero_trust,srv4,none,0,189.595,0.809700
zero_trust,srv4,none,0,190.967,0.830900
zero_trust,srv4,none,0,192.022,0.808400
zero_trust,srv4,none,0,193.392,0.808700
zero_trust,srv4,none,0,194.910,0.807400
zero_trust,srv4,none,0,196.183,0.807700
zero_trust,srv4,none,0,197.461,0.801000
zero_trust,srv4,none,0,198.675,0.803600
zero_trust,srv4,none,0,199.999,0.793400
zero_trust,srv4,none,0,201.201,0.794300
zero_trust,srv4,none,0,202.332,0.794300
zero_trust,srv4,none,0,203.578,0.794100
zero_trust,srv4,none,0,204.691,0.810800
zero_trust,srv4,none,0,205.951,0.809200
zero_trust,srv4,none,0,207.025,0.806600
zero_trust,srv4,none,0,208.239,0.799800
zero_trust,srv4,none,0,209.299,0.802700
zero_trust,srv4,none,0,210.498,0.803000
zero_trust,srv4,none,0,211.596,0.811500
zero_trust,srv4,none,0,212.726,0.815300
zero_trust,srv4,none,0,213.992,0.780800
zero_trust,srv4,none,0,215.139,0.798500
zero_trust,srv4,none,0,216.246,0.804200
zero_trust,srv4,none,0,217.365,0.803000
zero_trust,srv4,none,0,218.509,0.761100
zero_trust,srv4,none,0,219.698,0.806700
zero_trust,srv4,none,0,220.871,0.795500
zero_trust,srv4,none,0,222.016,0.801700
zero_trust,srv4,none,0,223.214,0.827700
zero_trust,srv4,none,0,224.363,0.828300
zero_trust,srv4,none,0,225.557,0.793400
zero_trust,srv4,none,0,226.919,0.801100
zero_trust,srv4,none,0,228.007,0.801100
zero_trust,srv4,none,0,229.524,0.824000
zero_trust,srv4,none,0,230.761,0.799200
zero_trust,srv4,none,0,231.913,0.789200
zero_trust,srv4,none,0,233.094,0.806000
zero_trust,srv4,none,0,234.627,0.808400
zero_trust,srv4,none,0,235.696,0.809200
zero_trust,srv4,none,0,236.969,0.827600
zero_trust,srv4,none,0,239.129,0.807500
zero_trust,srv4,none,0,240.329,0.807500
zero_trust,srv4,none,0,241.577,0.804400
zero_trust,srv4,none,0,242.656,0.760100
zero_trust,srv4,none,0,243.791,0.803300
zero_trust,srv4,none,0,245.024,0.804200
zero_trust,srv4,none,0,246.360,0.794000
zero_trust,srv4,none,0,247.564,0.794000
zero_trust,srv4,none,0,248.707,0.805900
zero_trust,srv4,none,0,249.871,0.790000
zero_trust,srv4,none,0,251.098,0.797400
zero_trust,srv4,none,0,252.228,0.806400
zero_trust,srv4,none,0,253.539,0.792700
zero_trust,srv4,none,0,254.681,0.792700
zero_trust,srv4,none,0,255.902,0.792700
zero_trust,srv4,none,0,257.108,0.803400
zero_trust,srv4,none,0,258.353,0.810400
zero_trust,srv4,none,0,259.583,0.810400
zero_trust,srv4,none,0,260.827,0.801900
zero_trust,srv4,none,0,261.992,0.808300
zero_trust,srv4,none,0,263.300,0.797900
zero_trust,srv4,none,0,264.383,0.798000
zero_trust,srv4,none,0,265.542,0.815200
zero_trust,srv4,none,0,266.821,0.795500
zero_trust,srv4,none,0,267.916,0.796400
zero_trust,srv4,none,0,269.434,0.809600
zero_trust,srv4,none,0,270.562,0.803400
zero_trust,srv4,none,0,272.747,0.826200
zero_trust,srv4,none,0,273.857,0.754200
zero_trust,srv4,none,0,275.016,0.754200
zero_trust,srv4,none,0,276.237,0.797800
zero_trust,srv4,none,0,277.545,0.805200
zero_trust,srv4,none,0,278.723,0.801900
zero_trust,srv4,none,0,279.840,0.802300
zero_trust,srv4,none,0,281.024,0.802400
zero_trust,srv4,none,0,282.270,0.831500
zero_trust,srv4,none,0,283.545,0.802800
zero_trust,srv4,none,0,284.866,0.809400
zero_trust,srv4,none,0,286.017,0.807600
zero_trust,srv4,none,0,287.268,0.797100
zero_trust,srv4,none,0,288.352,0.795300
zero_trust,srv4,none,0,289.663,0.809500
zero_trust,srv4,none,0,290.798,0.798900
zero_trust,srv4,none,0,291.878,0.787700
zero_trust,srv4,none,0,293.059,0.808700
zero_trust,srv4,none,0,294.168,0.791600
zero_trust,srv4,none,0,295.545,0.810300
zero_trust,srv4,none,0,296.712,0.828100
zero_trust,srv4,none,0,297.762,0.800800
zero_trust,srv4,none,0,299.035,0.807900
zero_trust,srv4,none,0,300.109,0.806900
zero_trust,srv4,none,0,301.190,0.790600
zero_trust,srv4,none,0,302.403,0.800100
zero_trust,srv4,none,0,303.544,0.808100
zero_trust,srv4,none,0,305.704,0.785300
zero_trust,srv4,none,0,306.812,0.808700
zero_trust,srv4,none,0,307.904,0.805400
zero_trust,srv4,none,0,309.042,0.803500
zero_trust,srv5,none,0,0.021,0.500000
zero_trust,srv5,none,0,1.028,0.500000
zero_trust,srv5,none,0,2.040,0.500000
zero_trust,srv5,none,0,3.048,0.500000
zero_trust,srv5,none,0,4.258,0.500000
zero_trust,srv5,none,0,5.290,0.712600
zero_trust,srv5,none,0,7.153,0.712600
zero_trust,srv5,none,0,8.186,0.754600
zero_trust,srv5,none,0,9.219,0.754600
zero_trust,srv5,none,0,10.252,0.754600
zero_trust,srv5,none,0,11.285,0.754600
zero_trust,srv5,none,0,12.317,0.746300
zero_trust,srv5,none,0,13.351,0.746300
zero_trust,srv5,none,0,14.384,0.790500
zero_trust,srv5,none,0,15.417,0.790500
zero_trust,srv5,none,0,16.468,0.774600
zero_trust,srv5,none,0,17.500,0.774600
zero_trust,srv5,none,0,18.532,0.822600
zero_trust,srv5,none,0,19.565,0.768200
zero_trust,srv5,none,0,20.597,0.819200
zero_trust,srv5,none,0,21.629,0.773800
zero_trust,srv5,none,0,22.662,0.773800
zero_trust,srv5,none,0,23.695,0.750700
zero_trust,srv5,none,0,24.814,0.750700
zero_trust,srv5,none,0,25.995,0.792500
zero_trust,srv5,none,0,27.309,0.771700
zero_trust,srv5,none,0,28.427,0.808700
zero_trust,srv5,none,0,29.729,0.795800
zero_trust,srv5,none,0,30.877,0.795800
zero_trust,srv5,none,0,32.151,0.795800
zero_trust,srv5,none,0,33.386,0.803700
zero_trust,srv5,none,0,34.731,0.811800
zero_trust,srv5,none,0,35.977,0.796700
zero_trust,srv5,none,0,37.124,0.787700
zero_trust,srv5,none,0,38.191,0.795100
zero_trust,srv5,none,0,39.710,0.811400
zero_trust,srv5,none,0,40.889,0.795100
zero_trust,srv5,none,0,42.097,0.795100
zero_trust,srv5,none,0,43.402,0.813000
zero_trust,srv5,none,0,44.976,0.809000
zero_trust,srv5,none,0,46.089,0.802000
zero_trust,srv5,none,0,47.266,0.807200
zero_trust,srv5,none,0,48.488,0.801400
zero_trust,srv5,none,0,49.754,0.811900
zero_trust,srv5,none,0,51.036,0.811900
zero_trust,srv5,none,0,52.081,0.810300
zero_trust,srv5,none,0,53.418,0.796400
zero_trust,srv5,none,0,54.611,0.796400
zero_trust,srv5,none,0,55.762,0.800800
zero_trust,srv5,none,0,57.057,0.799500
zero_trust,srv5,none,0,58.265,0.802500
zero_trust,srv5,none,0,59.545,0.793000
zero_trust,srv5,none,0,60.893,0.807600
zero_trust,srv5,none,0,62.035,0.795400
zero_trust,srv5,none,0,63.212,0.803000
zero_trust,srv5,none,0,64.384,0.810500
zero_trust,srv5,none,0,65.496,0.804100
zero_trust,srv5,none,0,66.700,0.797800
zero_trust,srv5,none,0,67.868,0.804900
zero_trust,srv5,none,0,68.933,0.800000
zero_trust,srv5,none,0,70.403,0.831800
zero_trust,srv5,none,0,71.866,0.803400
zero_trust,srv5,none,0,73.058,0.796500
zero_trust,srv5,none,0,74.389,0.827500
zero_trust,srv5,none,0,75.591,0.825600
zero_trust,srv5,none,0,76.802,0.805100
zero_trust,srv5,none,0,78.099,0.799800
zero_trust,srv5,none,0,79.349,0.830000
zero_trust,srv5,none,0,80.825,0.796900
zero_trust,srv5,none,0,82.088,0.793000
zero_trust,srv5,none,0,83.549,0.812300
zero_trust,srv5,none,0,85.499,0.810500
zero_trust,srv5,none,0,86.581,0.799500
zero_trust,srv5,none,0,87.785,0.805500
zero_trust,srv5,none,0,88.991,0.824800
zero_trust,srv5,none,0,90.344,0.822600
zero_trust,srv5,none,0,91.447,0.828100
zero_trust,srv5,none,0,92.555,0.829800
zero_trust,srv5,none,0,93.772,0.803000
zero_trust,srv5,none,0,94.928,0.809500
zero_trust,srv5,none,0,96.073,0.805900
zero_trust,srv5,none,0,97.303,0.794800
zero_trust,srv5,none,0,98.631,0.820600
zero_trust,srv5,none,0,99.758,0.802800
zero_trust,srv5,none,0,101.231,0.830800
zero_trust,srv5,none,0,102.463,0.803000
zero_trust,srv5,none,0,103.645,0.816900
zero_trust,srv5,none,0,104.813,0.806100
zero_trust,srv5,none,0,105.923,0.800100
zero_trust,srv5,none,0,107.016,0.805200
zero_trust,srv5,none,0,108.258,0.800900
zero_trust,srv5,none,0,109.371,0.821300
zero_trust,srv5,none,0,110.514,0.800100
zero_trust,srv5,none,0,112.035,0.828000
zero_trust,srv5,none,0,113.124,0.811800
zero_trust,srv5,none,0,114.281,0.796500
zero_trust,srv5,none,0,115.377,0.798400
zero_trust,srv5,none,0,116.636,0.800600
zero_trust,srv5,none,0,117.807,0.826800
zero_trust,srv5,none,0,118.992,0.799900
zero_trust,srv5,none,0,120.203,0.807800
zero_trust,srv5,none,0,121.349,0.794000
zero_trust,srv5,none,0,122.403,0.805900
zero_trust,srv5,none,0,123.506,0.795800
zero_trust,srv5,none,0,124.765,0.820200
zero_trust,srv5,none,0,125.971,0.797300
zero_trust,srv5,none,0,127.079,0.829900
zero_trust,srv5,none,0,128.575,0.805700
zero_trust,srv5,none,0,129.882,0.816500
zero_trust,srv5,none,0,131.307,0.824500
zero_trust,srv5,none,0,132.549,0.793900
zero_trust,srv5,none,0,133.941,0.793900
zero_trust,srv5,none,0,135.149,0.799000
zero_trust,srv5,none,0,136.252,0.805300
zero_trust,srv5,none,0,137.420,0.816100
zero_trust,srv5,none,0,138.555,0.816100
zero_trust,srv5,none,0,139.924,0.805100
zero_trust,srv5,none,0,141.194,0.799300
zero_trust,srv5,none,0,142.427,0.817700
zero_trust,srv5,none,0,143.581,0.800000
zero_trust,srv5,none,0,144.779,0.799100
zero_trust,srv5,none,0,146.161,0.794500
zero_trust,srv5,none,0,147.523,0.825000
zero_trust,srv5,none,0,148.573,0.827800
zero_trust,srv5,none,0,149.670,0.825900
zero_trust,srv5,none,0,151.189,0.817800
zero_trust,srv5,none,0,152.257,0.810900
zero_trust,srv5,none,0,153.572,0.808000
zero_trust,srv5,none,0,154.789,0.804400
zero_trust,srv5,none,0,156.082,0.801900
zero_trust,srv5,none,0,157.530,0.829100
zero_trust,srv5,none,0,158.804,0.796300
zero_trust,srv5,none,0,160.042,0.796300
zero_trust,srv5,none,0,161.120,0.799100
zero_trust,srv5,none,0,162.351,0.803400
zero_trust,srv5,none,0,163.550,0.805700
zero_trust,srv5,none,0,164.814,0.804800
zero_trust,srv5,none,0,165.973,0.807100
zero_trust,srv5,none,0,167.675,0.815100
zero_trust,srv5,none,0,168.858,0.828100
zero_trust,srv5,none,0,170.017,0.796800
zero_trust,srv5,none,0,171.314,0.798500
zero_trust,srv5,none,0,172.408,0.830900
zero_trust,srv5,none,0,173.535,0.806100
zero_trust,srv5,none,0,174.808,0.823200
zero_trust,srv5,none,0,176.364,0.796400
zero_trust,srv5,none,0,177.479,0.803000
zero_trust,srv5,none,0,178.858,0.827700
zero_trust,srv5,none,0,180.048,0.750100
zero_trust,srv5,none,0,181.316,0.804800
zero_trust,srv5,none,0,182.510,0.825900
zero_trust,srv5,none,0,183.722,0.801700
zero_trust,srv5,none,0,184.917,0.819000
zero_trust,srv5,none,0,185.988,0.800700
zero_trust,srv5,none,0,187.302,0.831800
zero_trust,srv5,none,0,188.486,0.796800
zero_trust,srv5,none,0,189.595,0.814200
zero_trust,srv5,none,0,190.967,0.800600
zero_trust,srv5,none,0,192.022,0.806700
zero_trust,srv5,none,0,193.392,0.827800
zero_trust,srv5,none,0,194.910,0.807000
zero_trust,srv5,none,0,196.183,0.800600
zero_trust,srv5,none,0,197.461,0.794500
zero_trust,srv5,none,0,198.675,0.801200
zero_trust,srv5,none,0,199.999,0.811800
zero_trust,srv5,none,0,201.201,0.827000
zero_trust,srv5,none,0,202.332,0.824400
zero_trust,srv5,none,0,203.578,0.816000
zero_trust,srv5,none,0,204.691,0.805100
zero_trust,srv5,none,0,205.951,0.811400
zero_trust,srv5,none,0,207.025,0.796300
zero_trust,srv5,none,0,208.239,0.829500
zero_trust,srv5,none,0,209.299,0.812700
zero_trust,srv5,none,0,210.498,0.798600
zero_trust,srv5,none,0,211.596,0.827700
zero_trust,srv5,none,0,212.726,0.805800
zero_trust,srv5,none,0,213.992,0.803300
zero_trust,srv5,none,0,215.139,0.774100
zero_trust,srv5,none,0,216.246,0.774100
zero_trust,srv5,none,0,217.365,0.774100
zero_trust,srv5,none,0,218.509,0.811500
zero_trust,srv5,none,0,219.698,0.792800
zero_trust,srv5,none,0,220.871,0.800500
zero_trust,srv5,none,0,222.016,0.825800
zero_trust,srv5,none,0,223.214,0.811100
zero_trust,srv5,none,0,224.363,0.802700
zero_trust,srv5,none,0,225.557,0.799300
zero_trust,srv5,none,0,226.919,0.800900
zero_trust,srv5,none,0,228.007,0.762000
zero_trust,srv5,none,0,229.524,0.807400
zero_trust,srv5,none,0,230.761,0.799900
zero_trust,srv5,none,0,231.913,0.767100
zero_trust,srv5,none,0,233.094,0.801000
zero_trust,srv5,none,0,234.627,0.802900
zero_trust,srv5,none,0,235.696,0.799700
zero_trust,srv5,none,0,236.969,0.798500
zero_trust,srv5,none,0,239.129,0.798200
zero_trust,srv5,none,0,240.329,0.828100
zero_trust,srv5,none,0,241.577,0.807900
zero_trust,srv5,none,0,242.656,0.818900
zero_trust,srv5,none,0,243.791,0.806900
zero_trust,srv5,none,0,245.024,0.806900
zero_trust,srv5,none,0,246.360,0.803000
zero_trust,srv5,none,0,247.564,0.791800
zero_trust,srv5,none,0,248.707,0.793500
zero_trust,srv5,none,0,249.871,0.804700
zero_trust,srv5,none,0,251.098,0.806000
zero_trust,srv5,none,0,252.228,0.793400
zero_trust,srv5,none,0,253.539,0.809500
zero_trust,srv5,none,0,254.681,0.801500
zero_trust,srv5,none,0,255.902,0.801500
zero_trust,srv5,none,0,257.108,0.801500
zero_trust,srv5,none,0,258.353,0.800600
zero_trust,srv5,none,0,259.583,0.806000
zero_trust,srv5,none,0,260.827,0.802300
zero_trust,srv5,none,0,261.992,0.807400
zero_trust,srv5,none,0,263.300,0.802300
zero_trust,srv5,none,0,264.383,0.818600
zero_trust,srv5,none,0,265.542,0.811500
zero_trust,srv5,none,0,266.821,0.795700
zero_trust,srv5,none,0,267.916,0.793500
zero_trust,srv5,none,0,269.434,0.802500
zero_trust,srv5,none,0,270.562,0.802500
zero_trust,srv5,none,0,272.747,0.802000
zero_trust,srv5,none,0,273.857,0.792500
zero_trust,srv5,none,0,275.016,0.826300
zero_trust,srv5,none,0,276.237,0.798900
zero_trust,srv5,none,0,277.545,0.808800
zero_trust,srv5,none,0,278.723,0.801900
zero_trust,srv5,none,0,279.840,0.793800
zero_trust,srv5,none,0,281.024,0.811300
zero_trust,srv5,none,0,282.270,0.792800
zero_trust,srv5,none,0,283.545,0.803400
zero_trust,srv5,none,0,284.866,0.800600
zero_trust,srv5,none,0,286.017,0.800300
zero_trust,srv5,none,0,287.268,0.829100
zero_trust,srv5,none,0,288.352,0.801200
zero_trust,srv5,none,0,289.663,0.807000
zero_trust,srv5,none,0,290.798,0.772700
zero_trust,srv5,none,0,291.878,0.808800
zero_trust,srv5,none,0,293.059,0.804300
zero_trust,srv5,none,0,294.168,0.798100
zero_trust,srv5,none,0,295.545,0.800300
zero_trust,srv5,none,0,296.712,0.798300
zero_trust,srv5,none,0,297.762,0.802900
zero_trust,srv5,none,0,299.035,0.796900
zero_trust,srv5,none,0,300.109,0.800200
zero_trust,srv5,none,0,301.190,0.792300
zero_trust,srv5,none,0,302.403,0.805800
zero_trust,srv5,none,0,303.544,0.797800
zero_trust,srv5,none,0,305.704,0.801100
zero_trust,srv5,none,0,306.812,0.818100
zero_trust,srv5,none,0,307.904,0.827400
zero_trust,srv5,none,0,309.042,0.768600
zero_trust,srv6,drop,30,0.021,0.500000
zero_trust,srv6,drop,30,1.028,0.500000
zero_trust,srv6,drop,30,2.040,0.500000
zero_trust,srv6,drop,30,3.048,0.500000
zero_trust,srv6,drop,30,4.258,0.500000
zero_trust,srv6,drop,30,5.290,0.500000
zero_trust,srv6,drop,30,7.153,0.500000
zero_trust,srv6,drop,30,8.186,0.500000
zero_trust,srv6,drop,30,9.219,0.500000
zero_trust,srv6,drop,30,10.252,0.708100
zero_trust,srv6,drop,30,11.285,0.708100
zero_trust,srv6,drop,30,12.317,0.708100
zero_trust,srv6,drop,30,13.351,0.708100
zero_trust,srv6,drop,30,14.384,0.775300
zero_trust,srv6,drop,30,15.417,0.775300
zero_trust,srv6,drop,30,16.468,0.754900
zero_trust,srv6,drop,30,17.500,0.754900
zero_trust,srv6,drop,30,18.532,0.754900
zero_trust,srv6,drop,30,19.565,0.754900
zero_trust,srv6,drop,30,20.597,0.754900
zero_trust,srv6,drop,30,21.629,0.754900
zero_trust,srv6,drop,30,22.662,0.754900
zero_trust,srv6,drop,30,23.695,0.767800
zero_trust,srv6,drop,30,24.814,0.767800
zero_trust,srv6,drop,30,25.995,0.765500
zero_trust,srv6,drop,30,27.309,0.765500
zero_trust,srv6,drop,30,28.427,0.773300
zero_trust,srv6,drop,30,29.729,0.771000
zero_trust,srv6,drop,30,30.877,0.797100
zero_trust,srv6,drop,30,32.151,0.767400
zero_trust,srv6,drop,30,33.386,0.767400
zero_trust,srv6,drop,30,34.731,0.767400
zero_trust,srv6,drop,30,35.977,0.767400
zero_trust,srv6,drop,30,37.124,0.767400
zero_trust,srv6,drop,30,38.191,0.767400
zero_trust,srv6,drop,30,39.710,0.119900
zero_trust,srv6,drop,30,40.889,0.119900
zero_trust,srv6,drop,30,42.097,0.119900
zero_trust,srv6,drop,30,43.402,0.119900
zero_trust,srv6,drop,30,44.976,0.119900
zero_trust,srv6,drop,30,46.089,0.119900
zero_trust,srv6,drop,30,47.266,0.119900
zero_trust,srv6,drop,30,48.488,0.119900
zero_trust,srv6,drop,30,49.754,0.119900
zero_trust,srv6,drop,30,51.036,0.119900
zero_trust,srv6,drop,30,52.081,0.119900
zero_trust,srv6,drop,30,53.418,0.119900
zero_trust,srv6,drop,30,54.611,0.119900
zero_trust,srv6,drop,30,55.762,0.119900
zero_trust,srv6,drop,30,57.057,0.119900
zero_trust,srv6,drop,30,58.265,0.119900
zero_trust,srv6,drop,30,59.545,0.119900
zero_trust,srv6,drop,30,60.893,0.119900
zero_trust,srv6,drop,30,62.035,0.119900
zero_trust,srv6,drop,30,63.212,0.119900
zero_trust,srv6,drop,30,64.384,0.119900
zero_trust,srv6,drop,30,65.496,0.119900
zero_trust,srv6,drop,30,66.700,0.119900
zero_trust,srv6,drop,30,67.868,0.119900
zero_trust,srv6,drop,30,68.933,0.119900
zero_trust,srv6,drop,30,70.403,0.119900
zero_trust,srv6,drop,30,71.866,0.119900
zero_trust,srv6,drop,30,73.058,0.119900
zero_trust,srv6,drop,30,74.389,0.119900
zero_trust,srv6,drop,30,75.591,0.119900
zero_trust,srv6,drop,30,76.802,0.119900
zero_trust,srv6,drop,30,78.099,0.119900
zero_trust,srv6,drop,30,79.349,0.119900
zero_trust,srv6,drop,30,80.825,0.119900
zero_trust,srv6,drop,30,82.088,0.119900
zero_trust,srv6,drop,30,83.549,0.119900
zero_trust,srv6,drop,30,85.499,0.119900
zero_trust,srv6,drop,30,86.581,0.119900
zero_trust,srv6,drop,30,87.785,0.119900
zero_trust,srv6,drop,30,88.991,0.119900
zero_trust,srv6,drop,30,90.344,0.119900
zero_trust,srv6,drop,30,91.447,0.119900
zero_trust,srv6,drop,30,92.555,0.119900
zero_trust,srv6,drop,30,93.772,0.119900
zero_trust,srv6,drop,30,94.928,0.119900
zero_trust,srv6,drop,30,96.073,0.119900
zero_trust,srv6,drop,30,97.303,0.119900
zero_trust,srv6,drop,30,98.631,0.119900
zero_trust,srv6,drop,30,99.758,0.119900
zero_trust,srv6,drop,30,101.231,0.119900
zero_trust,srv6,drop,30,102.463,0.119900
zero_trust,srv6,drop,30,103.645,0.119900
zero_trust,srv6,drop,30,104.813,0.119900
zero_trust,srv6,drop,30,105.923,0.119900
zero_trust,srv6,drop,30,107.016,0.119900
zero_trust,srv6,drop,30,108.258,0.119900
zero_trust,srv6,drop,30,109.371,0.119900
zero_trust,srv6,drop,30,110.514,0.119900
zero_trust,srv6,drop,30,112.035,0.119900
zero_trust,srv6,drop,30,113.124,0.119900
zero_trust,srv6,drop,30,114.281,0.119900
zero_trust,srv6,drop,30,115.377,0.119900
zero_trust,srv6,drop,30,116.636,0.119900
zero_trust,srv6,drop,30,117.807,0.119900
zero_trust,srv6,drop,30,118.992,0.119900
zero_trust,srv6,drop,30,120.203,0.119900
zero_trust,srv6,drop,30,121.349,0.119900
zero_trust,srv6,drop,30,122.403,0.119900
zero_trust,srv6,drop,30,123.506,0.119900
zero_trust,srv6,drop,30,124.765,0.119900
zero_trust,srv6,drop,30,125.971,0.119900
zero_trust,srv6,drop,30,127.079,0.119900
zero_trust,srv6,drop,30,128.575,0.119900
zero_trust,srv6,drop,30,129.882,0.119900
zero_trust,srv6,drop,30,131.307,0.119900
zero_trust,srv6,drop,30,132.549,0.119900
zero_trust,srv6,drop,30,133.941,0.119900
zero_trust,srv6,drop,30,135.149,0.119900
zero_trust,srv6,drop,30,136.252,0.119900
zero_trust,srv6,drop,30,137.420,0.119900
zero_trust,srv6,drop,30,138.555,0.119900
zero_trust,srv6,drop,30,139.924,0.119900
zero_trust,srv6,drop,30,141.194,0.119900
zero_trust,srv6,drop,30,142.427,0.119900
zero_trust,srv6,drop,30,143.581,0.119900
zero_trust,srv6,drop,30,144.779,0.119900
zero_trust,srv6,drop,30,146.161,0.119900
zero_trust,srv6,drop,30,147.523,0.119900
zero_trust,srv6,drop,30,148.573,0.119900
zero_trust,srv6,drop,30,149.670,0.119900
zero_trust,srv6,drop,30,151.189,0.119900
zero_trust,srv6,drop,30,152.257,0.119900
zero_trust,srv6,drop,30,153.572,0.119900
zero_trust,srv6,drop,30,154.789,0.119900
zero_trust,srv6,drop,30,156.082,0.119900
zero_trust,srv6,drop,30,157.530,0.119900
zero_trust,srv6,drop,30,158.804,0.119900
zero_trust,srv6,drop,30,160.042,0.119900
zero_trust,srv6,drop,30,161.120,0.119900
zero_trust,srv6,drop,30,162.351,0.119900
zero_trust,srv6,drop,30,163.550,0.119900
zero_trust,srv6,drop,30,164.814,0.119900
zero_trust,srv6,drop,30,165.973,0.119900
zero_trust,srv6,drop,30,167.675,0.119900
zero_trust,srv6,drop,30,168.858,0.119900
zero_trust,srv6,drop,30,170.017,0.119900
zero_trust,srv6,drop,30,171.314,0.119900
zero_trust,srv6,drop,30,172.408,0.119900
zero_trust,srv6,drop,30,173.535,0.119900
zero_trust,srv6,drop,30,174.808,0.119900
zero_trust,srv6,drop,30,176.364,0.119900
zero_trust,srv6,drop,30,177.479,0.119900
zero_trust,srv6,drop,30,178.858,0.119900
zero_trust,srv6,drop,30,180.048,0.119900
zero_trust,srv6,drop,30,181.316,0.213500
zero_trust,srv6,drop,30,182.510,0.213500
zero_trust,srv6,drop,30,183.722,0.213500
zero_trust,srv6,drop,30,184.917,0.213500
zero_trust,srv6,drop,30,185.988,0.213500
zero_trust,srv6,drop,30,187.302,0.213500
zero_trust,srv6,drop,30,188.486,0.213500
zero_trust,srv6,drop,30,189.595,0.213500
zero_trust,srv6,drop,30,190.967,0.213500
zero_trust,srv6,drop,30,192.022,0.213500
zero_trust,srv6,drop,30,193.392,0.213500
zero_trust,srv6,drop,30,194.910,0.213500
zero_trust,srv6,drop,30,196.183,0.213500
zero_trust,srv6,drop,30,197.461,0.213500
zero_trust,srv6,drop,30,198.675,0.213500
zero_trust,srv6,drop,30,199.999,0.213500
zero_trust,srv6,drop,30,201.201,0.213500
zero_trust,srv6,drop,30,202.332,0.213500
zero_trust,srv6,drop,30,203.578,0.213500
zero_trust,srv6,drop,30,204.691,0.213500
zero_trust,srv6,drop,30,205.951,0.213500
zero_trust,srv6,drop,30,207.025,0.213500
zero_trust,srv6,drop,30,208.239,0.213500
zero_trust,srv6,drop,30,209.299,0.213500
zero_trust,srv6,drop,30,210.498,0.213500
zero_trust,srv6,drop,30,211.596,0.213500
zero_trust,srv6,drop,30,212.726,0.213500
zero_trust,srv6,drop,30,213.992,0.213500
zero_trust,srv6,drop,30,215.139,0.213500
zero_trust,srv6,drop,30,216.246,0.213500
zero_trust,srv6,drop,30,217.365,0.213500
zero_trust,srv6,drop,30,218.509,0.213500
zero_trust,srv6,drop,30,219.698,0.213500
zero_trust,srv6,drop,30,220.871,0.213500
zero_trust,srv6,drop,30,222.016,0.213500
zero_trust,srv6,drop,30,223.214,0.213500
zero_trust,srv6,drop,30,224.363,0.213500
zero_trust,srv6,drop,30,225.557,0.213500
zero_trust,srv6,drop,30,226.919,0.213500
zero_trust,srv6,drop,30,228.007,0.213500
zero_trust,srv6,drop,30,229.524,0.213500
zero_trust,srv6,drop,30,230.761,0.213500
zero_trust,srv6,drop,30,231.913,0.213500
zero_trust,srv6,drop,30,233.094,0.213500
zero_trust,srv6,drop,30,234.627,0.213500
zero_trust,srv6,drop,30,235.696,0.213500
zero_trust,srv6,drop,30,236.969,0.213500
zero_trust,srv6,drop,30,239.129,0.213500
zero_trust,srv6,drop,30,240.329,0.213500
zero_trust,srv6,drop,30,241.577,0.213500
zero_trust,srv6,drop,30,242.656,0.213500
zero_trust,srv6,drop,30,243.791,0.213500
zero_trust,srv6,drop,30,245.024,0.213500
zero_trust,srv6,drop,30,246.360,0.213500
zero_trust,srv6,drop,30,247.564,0.213500
zero_trust,srv6,drop,30,248.707,0.213500
zero_trust,srv6,drop,30,249.871,0.213500
zero_trust,srv6,drop,30,251.098,0.213500
zero_trust,srv6,drop,30,252.228,0.213500
zero_trust,srv6,drop,30,253.539,0.213500
zero_trust,srv6,drop,30,254.681,0.213500
zero_trust,srv6,drop,30,255.902,0.213500
zero_trust,srv6,drop,30,257.108,0.213500
zero_trust,srv6,drop,30,258.353,0.213500
zero_trust,srv6,drop,30,259.583,0.213500
zero_trust,srv6,drop,30,260.827,0.213500
zero_trust,srv6,drop,30,261.992,0.213500
zero_trust,srv6,drop,30,263.300,0.213500
zero_trust,srv6,drop,30,264.383,0.213500
zero_trust,srv6,drop,30,265.542,0.213500
zero_trust,srv6,drop,30,266.821,0.213500
zero_trust,srv6,drop,30,267.916,0.213500
zero_trust,srv6,drop,30,269.434,0.213500
zero_trust,srv6,drop,30,270.562,0.213500
zero_trust,srv6,drop,30,272.747,0.213500
zero_trust,srv6,drop,30,273.857,0.213500
zero_trust,srv6,drop,30,275.016,0.213500
zero_trust,srv6,drop,30,276.237,0.213500
zero_trust,srv6,drop,30,277.545,0.213500
zero_trust,srv6,drop,30,278.723,0.213500
zero_trust,srv6,drop,30,279.840,0.213500
zero_trust,srv6,drop,30,281.024,0.213500
zero_trust,srv6,drop,30,282.270,0.213500
zero_trust,srv6,drop,30,283.545,0.213500
zero_trust,srv6,drop,30,284.866,0.213500
zero_trust,srv6,drop,30,286.017,0.213500
zero_trust,srv6,drop,30,287.268,0.213500
zero_trust,srv6,drop,30,288.352,0.213500
zero_trust,srv6,drop,30,289.663,0.213500
zero_trust,srv6,drop,30,290.798,0.213500
zero_trust,srv6,drop,30,291.878,0.213500
zero_trust,srv6,drop,30,293.059,0.213500
zero_trust,srv6,drop,30,294.168,0.213500
zero_trust,srv6,drop,30,295.545,0.213500
zero_trust,srv6,drop,30,296.712,0.213500
zero_trust,srv6,drop,30,297.762,0.213500
zero_trust,srv6,drop,30,299.035,0.213500
zero_trust,srv6,drop,30,300.109,0.213500
zero_trust,srv6,drop,30,301.190,0.213500
zero_trust,srv6,drop,30,302.403,0.213500
zero_trust,srv6,drop,30,303.544,0.213500
zero_trust,srv6,drop,30,305.704,0.213500
zero_trust,srv6,drop,30,306.812,0.213500
zero_trust,srv6,drop,30,307.904,0.213500
zero_trust,srv6,drop,30,309.042,0.213500
zero_trust,srv7,none,0,0.021,0.500000
zero_trust,srv7,none,0,1.028,0.500000
zero_trust,srv7,none,0,2.040,0.500000
zero_trust,srv7,none,0,3.048,0.500000
zero_trust,srv7,none,0,4.258,0.500000
zero_trust,srv7,none,0,5.290,0.500000
zero_trust,srv7,none,0,7.153,0.500000
zero_trust,srv7,none,0,8.186,0.500000
zero_trust,srv7,none,0,9.219,0.500000
zero_trust,srv7,none,0,10.252,0.715500
zero_trust,srv7,none,0,11.285,0.715500
zero_trust,srv7,none,0,12.317,0.734500
zero_trust,srv7,none,0,13.351,0.734500
zero_trust,srv7,none,0,14.384,0.798900
zero_trust,srv7,none,0,15.417,0.798900
zero_trust,srv7,none,0,16.468,0.798500
zero_trust,srv7,none,0,17.500,0.777400
zero_trust,srv7,none,0,18.532,0.783200
zero_trust,srv7,none,0,19.565,0.775000
zero_trust,srv7,none,0,20.597,0.775000
zero_trust,srv7,none,0,21.629,0.813300
zero_trust,srv7,none,0,22.662,0.813300
zero_trust,srv7,none,0,23.695,0.795800
zero_trust,srv7,none,0,24.814,0.778200
zero_trust,srv7,none,0,25.995,0.811900
zero_trust,srv7,none,0,27.309,0.810000
zero_trust,srv7,none,0,28.427,0.769700
zero_trust,srv7,none,0,29.729,0.769700
zero_trust,srv7,none,0,30.877,0.804900
zero_trust,srv7,none,0,32.151,0.799200
zero_trust,srv7,none,0,33.386,0.812300
zero_trust,srv7,none,0,34.731,0.772300
zero_trust,srv7,none,0,35.977,0.772300
zero_trust,srv7,none,0,37.124,0.772100
zero_trust,srv7,none,0,38.191,0.789300
zero_trust,srv7,none,0,39.710,0.807200
zero_trust,srv7,none,0,40.889,0.794600
zero_trust,srv7,none,0,42.097,0.783600
zero_trust,srv7,none,0,43.402,0.793900
zero_trust,srv7,none,0,44.976,0.799800
zero_trust,srv7,none,0,46.089,0.804900
zero_trust,srv7,none,0,47.266,0.804900
zero_trust,srv7,none,0,48.488,0.811200
zero_trust,srv7,none,0,49.754,0.809400
zero_trust,srv7,none,0,51.036,0.784600
zero_trust,srv7,none,0,52.081,0.795400
zero_trust,srv7,none,0,53.418,0.794800
zero_trust,srv7,none,0,54.611,0.798700
zero_trust,srv7,none,0,55.762,0.810100
zero_trust,srv7,none,0,57.057,0.804100
zero_trust,srv7,none,0,58.265,0.811400
zero_trust,srv7,none,0,59.545,0.816600
zero_trust,srv7,none,0,60.893,0.804400
zero_trust,srv7,none,0,62.035,0.799700
zero_trust,srv7,none,0,63.212,0.802500
zero_trust,srv7,none,0,64.384,0.810100
zero_trust,srv7,none,0,65.496,0.801400
zero_trust,srv7,none,0,66.700,0.799400
zero_trust,srv7,none,0,67.868,0.811300
zero_trust,srv7,none,0,68.933,0.812800
zero_trust,srv7,none,0,70.403,0.811700
zero_trust,srv7,none,0,71.866,0.804300
zero_trust,srv7,none,0,73.058,0.798600
zero_trust,srv7,none,0,74.389,0.811700
zero_trust,srv7,none,0,75.591,0.808200
zero_trust,srv7,none,0,76.802,0.812000
zero_trust,srv7,none,0,78.099,0.797500
zero_trust,srv7,none,0,79.349,0.800000
zero_trust,srv7,none,0,80.825,0.807300
zero_trust,srv7,none,0,82.088,0.807500
zero_trust,srv7,none,0,83.549,0.810600
zero_trust,srv7,none,0,85.499,0.807300
zero_trust,srv7,none,0,86.581,0.811600
zero_trust,srv7,none,0,87.785,0.809300
zero_trust,srv7,none,0,88.991,0.798700
zero_trust,srv7,none,0,90.344,0.796800
zero_trust,srv7,none,0,91.447,0.809200
zero_trust,srv7,none,0,92.555,0.810600
zero_trust,srv7,none,0,93.772,0.810600
zero_trust,srv7,none,0,94.928,0.811600
zero_trust,srv7,none,0,96.073,0.803700
zero_trust,srv7,none,0,97.303,0.798200
zero_trust,srv7,none,0,98.631,0.810900
zero_trust,srv7,none,0,99.758,0.797900
zero_trust,srv7,none,0,101.231,0.755800
zero_trust,srv7,none,0,102.463,0.803500
zero_trust,srv7,none,0,103.645,0.800300
zero_trust,srv7,none,0,104.813,0.801900
zero_trust,srv7,none,0,105.923,0.811400
zero_trust,srv7,none,0,107.016,0.814600
zero_trust,srv7,none,0,108.258,0.801100
zero_trust,srv7,none,0,109.371,0.804800
zero_trust,srv7,none,0,110.514,0.798600
zero_trust,srv7,none,0,112.035,0.808500
zero_trust,srv7,none,0,113.124,0.805100
zero_trust,srv7,none,0,114.281,0.815200
zero_trust,srv7,none,0,115.377,0.806900
zero_trust,srv7,none,0,116.636,0.793600
zero_trust,srv7,none,0,117.807,0.810600
zero_trust,srv7,none,0,118.992,0.796900
zero_trust,srv7,none,0,120.203,0.801500
zero_trust,srv7,none,0,121.349,0.806200
zero_trust,srv7,none,0,122.403,0.810600
zero_trust,srv7,none,0,123.506,0.796100
zero_trust,srv7,none,0,124.765,0.812600
zero_trust,srv7,none,0,125.971,0.745700
zero_trust,srv7,none,0,127.079,0.810100
zero_trust,srv7,none,0,128.575,0.737500
zero_trust,srv7,none,0,129.882,0.737500
zero_trust,srv7,none,0,131.307,0.737500
zero_trust,srv7,none,0,132.549,0.803200
zero_trust,srv7,none,0,133.941,0.798900
zero_trust,srv7,none,0,135.149,0.804300
zero_trust,srv7,none,0,136.252,0.804300
zero_trust,srv7,none,0,137.420,0.807200
zero_trust,srv7,none,0,138.555,0.798400
zero_trust,srv7,none,0,139.924,0.804000
zero_trust,srv7,none,0,141.194,0.802500
zero_trust,srv7,none,0,142.427,0.795800
zero_trust,srv7,none,0,143.581,0.808000
zero_trust,srv7,none,0,144.779,0.802200
zero_trust,srv7,none,0,146.161,0.802400
zero_trust,srv7,none,0,147.523,0.797500
zero_trust,srv7,none,0,148.573,0.810300
zero_trust,srv7,none,0,149.670,0.816400
zero_trust,srv7,none,0,151.189,0.802800
zero_trust,srv7,none,0,152.257,0.810200
zero_trust,srv7,none,0,153.572,0.802800
zero_trust,srv7,none,0,154.789,0.789700
zero_trust,srv7,none,0,156.082,0.796400
zero_trust,srv7,none,0,157.530,0.814200
zero_trust,srv7,none,0,158.804,0.797300
zero_trust,srv7,none,0,160.042,0.786700
zero_trust,srv7,none,0,161.120,0.796700
zero_trust,srv7,none,0,162.351,0.796500
zero_trust,srv7,none,0,163.550,0.799100
zero_trust,srv7,none,0,164.814,0.795500
zero_trust,srv7,none,0,165.973,0.810600
zero_trust,srv7,none,0,167.675,0.811100
zero_trust,srv7,none,0,168.858,0.786000
zero_trust,srv7,none,0,170.017,0.812300
zero_trust,srv7,none,0,171.314,0.802100
zero_trust,srv7,none,0,172.408,0.809200
zero_trust,srv7,none,0,173.535,0.815500
zero_trust,srv7,none,0,174.808,0.799400
zero_trust,srv7,none,0,176.364,0.794000
zero_trust,srv7,none,0,177.479,0.801100
zero_trust,srv7,none,0,178.858,0.794800
zero_trust,srv7,none,0,180.048,0.808000
zero_trust,srv7,none,0,181.316,0.800600
zero_trust,srv7,none,0,182.510,0.791300
zero_trust,srv7,none,0,183.722,0.800800
zero_trust,srv7,none,0,184.917,0.785400
zero_trust,srv7,none,0,185.988,0.806500
zero_trust,srv7,none,0,187.302,0.799700
zero_trust,srv7,none,0,188.486,0.806200
zero_trust,srv7,none,0,189.595,0.809100
zero_trust,srv7,none,0,190.967,0.810000
zero_trust,srv7,none,0,192.022,0.797100
zero_trust,srv7,none,0,193.392,0.809800
zero_trust,srv7,none,0,194.910,0.786000
zero_trust,srv7,none,0,196.183,0.776100
zero_trust,srv7,none,0,197.461,0.811200
zero_trust,srv7,none,0,198.675,0.801100
zero_trust,srv7,none,0,199.999,0.805100
zero_trust,srv7,none,0,201.201,0.796000
zero_trust,srv7,none,0,202.332,0.803300
zero_trust,srv7,none,0,203.578,0.809800
zero_trust,srv7,none,0,204.691,0.794400
zero_trust,srv7,none,0,205.951,0.806400
zero_trust,srv7,none,0,207.025,0.809500
zero_trust,srv7,none,0,208.239,0.811300
zero_trust,srv7,none,0,209.299,0.780100
zero_trust,srv7,none,0,210.498,0.814900
zero_trust,srv7,none,0,211.596,0.802900
zero_trust,srv7,none,0,212.726,0.793900
zero_trust,srv7,none,0,213.992,0.804400
zero_trust,srv7,none,0,215.139,0.789200
zero_trust,srv7,none,0,216.246,0.797200
zero_trust,srv7,none,0,217.365,0.795900
zero_trust,srv7,none,0,218.509,0.802800
zero_trust,srv7,none,0,219.698,0.810000
zero_trust,srv7,none,0,220.871,0.794300
zero_trust,srv7,none,0,222.016,0.819900
zero_trust,srv7,none,0,223.214,0.809500
zero_trust,srv7,none,0,224.363,0.780000
zero_trust,srv7,none,0,225.557,0.799300
zero_trust,srv7,none,0,226.919,0.808200
zero_trust,srv7,none,0,228.007,0.810500
zero_trust,srv7,none,0,229.524,0.796600
zero_trust,srv7,none,0,230.761,0.810800
zero_trust,srv7,none,0,231.913,0.814100
zero_trust,srv7,none,0,233.094,0.801400
zero_trust,srv7,none,0,234.627,0.805700
zero_trust,srv7,none,0,235.696,0.798600
zero_trust,srv7,none,0,236.969,0.805900
zero_trust,srv7,none,0,239.129,0.813100
zero_trust,srv7,none,0,240.329,0.811100
zero_trust,srv7,none,0,241.577,0.806700
zero_trust,srv7,none,0,242.656,0.805100
zero_trust,srv7,none,0,243.791,0.807000
zero_trust,srv7,none,0,245.024,0.792200
zero_trust,srv7,none,0,246.360,0.796900
zero_trust,srv7,none,0,247.564,0.811000
zero_trust,srv7,none,0,248.707,0.811600
zero_trust,srv7,none,0,249.871,0.811200
zero_trust,srv7,none,0,251.098,0.811600
zero_trust,srv7,none,0,252.228,0.779000
zero_trust,srv7,none,0,253.539,0.799700
zero_trust,srv7,none,0,254.681,0.812000
zero_trust,srv7,none,0,255.902,0.764900
zero_trust,srv7,none,0,257.108,0.798100
zero_trust,srv7,none,0,258.353,0.806100
zero_trust,srv7,none,0,259.583,0.796400
zero_trust,srv7,none,0,260.827,0.822500
zero_trust,srv7,none,0,261.992,0.797700
zero_trust,srv7,none,0,263.300,0.797700
zero_trust,srv7,none,0,264.383,0.803400
zero_trust,srv7,none,0,265.542,0.799700
zero_trust,srv7,none,0,266.821,0.808100
zero_trust,srv7,none,0,267.916,0.794800
zero_trust,srv7,none,0,269.434,0.760400
zero_trust,srv7,none,0,270.562,0.801200
zero_trust,srv7,none,0,272.747,0.816800
zero_trust,srv7,none,0,273.857,0.796900
zero_trust,srv7,none,0,275.016,0.797600
zero_trust,srv7,none,0,276.237,0.777800
zero_trust,srv7,none,0,277.545,0.798800
zero_trust,srv7,none,0,278.723,0.795600
zero_trust,srv7,none,0,279.840,0.796100
zero_trust,srv7,none,0,281.024,0.806000
zero_trust,srv7,none,0,282.270,0.801400
zero_trust,srv7,none,0,283.545,0.809200
zero_trust,srv7,none,0,284.866,0.812500
zero_trust,srv7,none,0,286.017,0.798000
zero_trust,srv7,none,0,287.268,0.794900
zero_trust,srv7,none,0,288.352,0.809800
zero_trust,srv7,none,0,289.663,0.803800
zero_trust,srv7,none,0,290.798,0.812300
zero_trust,srv7,none,0,291.878,0.802000
zero_trust,srv7,none,0,293.059,0.799100
zero_trust,srv7,none,0,294.168,0.793400
zero_trust,srv7,none,0,295.545,0.806600
zero_trust,srv7,none,0,296.712,0.809200
zero_trust,srv7,none,0,297.762,0.810900
zero_trust,srv7,none,0,299.035,0.808900
zero_trust,srv7,none,0,300.109,0.808500
zero_trust,srv7,none,0,301.190,0.805200
zero_trust,srv7,none,0,302.403,0.802400
zero_trust,srv7,none,0,303.544,0.808600
zero_trust,srv7,none,0,305.704,0.806000
zero_trust,srv7,none,0,306.812,0.808400
zero_trust,srv7,none,0,307.904,0.795800
zero_trust,srv7,none,0,309.042,0.801100
zero_trust,srv8,onoff,50,0.021,0.500000
zero_trust,srv8,onoff,50,1.028,0.500000
zero_trust,srv8,onoff,50,2.040,0.500000
zero_trust,srv8,onoff,50,3.048,0.500000
zero_trust,srv8,onoff,50,4.258,0.500000
zero_trust,srv8,onoff,50,5.290,0.678500
zero_trust,srv8,onoff,50,7.153,0.678500
zero_trust,srv8,onoff,50,8.186,0.768100
zero_trust,srv8,onoff,50,9.219,0.768100
zero_trust,srv8,onoff,50,10.252,0.766400
zero_trust,srv8,onoff,50,11.285,0.766400
zero_trust,srv8,onoff,50,12.317,0.787800
zero_trust,srv8,onoff,50,13.351,0.787800
zero_trust,srv8,onoff,50,14.384,0.793200
zero_trust,srv8,onoff,50,15.417,0.793200
zero_trust,srv8,onoff,50,16.468,0.775700
zero_trust,srv8,onoff,50,17.500,0.768700
zero_trust,srv8,onoff,50,18.532,0.800600
zero_trust,srv8,onoff,50,19.565,0.774300
zero_trust,srv8,onoff,50,20.597,0.804900
zero_trust,srv8,onoff,50,21.629,0.813700
zero_trust,srv8,onoff,50,22.662,0.806500
zero_trust,srv8,onoff,50,23.695,0.801100
zero_trust,srv8,onoff,50,24.814,0.803500
zero_trust,srv8,onoff,50,25.995,0.799900
zero_trust,srv8,onoff,50,27.309,0.814000
zero_trust,srv8,onoff,50,28.427,0.814000
zero_trust,srv8,onoff,50,29.729,0.799600
zero_trust,srv8,onoff,50,30.877,0.811000
zero_trust,srv8,onoff,50,32.151,0.800600
zero_trust,srv8,onoff,50,33.386,0.803600
zero_trust,srv8,onoff,50,34.731,0.799600
zero_trust,srv8,onoff,50,35.977,0.803800
zero_trust,srv8,onoff,50,37.124,0.808800
zero_trust,srv8,onoff,50,38.191,0.800900
zero_trust,srv8,onoff,50,39.710,0.808200
zero_trust,srv8,onoff,50,40.889,0.799000
zero_trust,srv8,onoff,50,42.097,0.801600
zero_trust,srv8,onoff,50,43.402,0.810300
zero_trust,srv8,onoff,50,44.976,0.797000
zero_trust,srv8,onoff,50,46.089,0.812200
zero_trust,srv8,onoff,50,47.266,0.798700
zero_trust,srv8,onoff,50,48.488,0.811100
zero_trust,srv8,onoff,50,49.754,0.810600
zero_trust,srv8,onoff,50,51.036,0.816600
zero_trust,srv8,onoff,50,52.081,0.808500
zero_trust,srv8,onoff,50,53.418,0.806900
zero_trust,srv8,onoff,50,54.611,0.808600
zero_trust,srv8,onoff,50,55.762,0.722300
zero_trust,srv8,onoff,50,57.057,0.722300
zero_trust,srv8,onoff,50,58.265,0.722300
zero_trust,srv8,onoff,50,59.545,0.722300
zero_trust,srv8,onoff,50,60.893,0.722300
zero_trust,srv8,onoff,50,62.035,0.722300
zero_trust,srv8,onoff,50,63.212,0.722300
zero_trust,srv8,onoff,50,64.384,0.722300
zero_trust,srv8,onoff,50,65.496,0.722300
zero_trust,srv8,onoff,50,66.700,0.769300
zero_trust,srv8,onoff,50,67.868,0.812300
zero_trust,srv8,onoff,50,68.933,0.807700
zero_trust,srv8,onoff,50,70.403,0.804400
zero_trust,srv8,onoff,50,71.866,0.810500
zero_trust,srv8,onoff,50,73.058,0.807100
zero_trust,srv8,onoff,50,74.389,0.422500
zero_trust,srv8,onoff,50,75.591,0.786600
zero_trust,srv8,onoff,50,76.802,0.786600
zero_trust,srv8,onoff,50,78.099,0.644300
zero_trust,srv8,onoff,50,79.349,0.644300
zero_trust,srv8,onoff,50,80.825,0.644300
zero_trust,srv8,onoff,50,82.088,0.644300
zero_trust,srv8,onoff,50,83.549,0.644300
zero_trust,srv8,onoff,50,85.499,0.644300
zero_trust,srv8,onoff,50,86.581,0.644300
zero_trust,srv8,onoff,50,87.785,0.644300
zero_trust,srv8,onoff,50,88.991,0.792100
zero_trust,srv8,onoff,50,90.344,0.810300
zero_trust,srv8,onoff,50,91.447,0.811200
zero_trust,srv8,onoff,50,92.555,0.798200
zero_trust,srv8,onoff,50,93.772,0.812500
zero_trust,srv8,onoff,50,94.928,0.792000
zero_trust,srv8,onoff,50,96.073,0.794800
zero_trust,srv8,onoff,50,97.303,0.794800
zero_trust,srv8,onoff,50,98.631,0.610700
zero_trust,srv8,onoff,50,99.758,0.610700
zero_trust,srv8,onoff,50,101.231,0.680700
zero_trust,srv8,onoff,50,102.463,0.680700
zero_trust,srv8,onoff,50,103.645,0.680700
zero_trust,srv8,onoff,50,104.813,0.680700
zero_trust,srv8,onoff,50,105.923,0.680700
zero_trust,srv8,onoff,50,107.016,0.680700
zero_trust,srv8,onoff,50,108.258,0.680700
zero_trust,srv8,onoff,50,109.371,0.797900
zero_trust,srv8,onoff,50,110.514,0.792100
zero_trust,srv8,onoff,50,112.035,0.792100
zero_trust,srv8,onoff,50,113.124,0.806000
zero_trust,srv8,onoff,50,114.281,0.803000
zero_trust,srv8,onoff,50,115.377,0.765600
zero_trust,srv8,onoff,50,116.636,0.722300
zero_trust,srv8,onoff,50,117.807,0.725500
zero_trust,srv8,onoff,50,118.992,0.746500
zero_trust,srv8,onoff,50,120.203,0.746500
zero_trust,srv8,onoff,50,121.349,0.746500
zero_trust,srv8,onoff,50,122.403,0.746500
zero_trust,srv8,onoff,50,123.506,0.746500
zero_trust,srv8,onoff,50,124.765,0.746500
zero_trust,srv8,onoff,50,125.971,0.746500
zero_trust,srv8,onoff,50,127.079,0.746500
zero_trust,srv8,onoff,50,128.575,0.746500
zero_trust,srv8,onoff,50,129.882,0.749700
zero_trust,srv8,onoff,50,131.307,0.801300
zero_trust,srv8,onoff,50,132.549,0.792900
zero_trust,srv8,onoff,50,133.941,0.807000
zero_trust,srv8,onoff,50,135.149,0.803000
zero_trust,srv8,onoff,50,136.252,0.811400
zero_trust,srv8,onoff,50,137.420,0.729200
zero_trust,srv8,onoff,50,138.555,0.694000
zero_trust,srv8,onoff,50,139.924,0.694000
zero_trust,srv8,onoff,50,141.194,0.694000
zero_trust,srv8,onoff,50,142.427,0.694000
zero_trust,srv8,onoff,50,143.581,0.694000
zero_trust,srv8,onoff,50,144.779,0.694000
zero_trust,srv8,onoff,50,146.161,0.694000
zero_trust,srv8,onoff,50,147.523,0.694000
zero_trust,srv8,onoff,50,148.573,0.694000
zero_trust,srv8,onoff,50,149.670,0.694000
zero_trust,srv8,onoff,50,151.189,0.779800
zero_trust,srv8,onoff,50,152.257,0.779800
zero_trust,srv8,onoff,50,153.572,0.805300
zero_trust,srv8,onoff,50,154.789,0.810600
zero_trust,srv8,onoff,50,156.082,0.811200
zero_trust,srv8,onoff,50,157.530,0.599200
zero_trust,srv8,onoff,50,158.804,0.669300
zero_trust,srv8,onoff,50,160.042,0.669300
zero_trust,srv8,onoff,50,161.120,0.669300
zero_trust,srv8,onoff,50,162.351,0.669300
zero_trust,srv8,onoff,50,163.550,0.669300
zero_trust,srv8,onoff,50,164.814,0.669300
zero_trust,srv8,onoff,50,165.973,0.669300
zero_trust,srv8,onoff,50,167.675,0.669300
zero_trust,srv8,onoff,50,168.858,0.669300
zero_trust,srv8,onoff,50,170.017,0.693500
zero_trust,srv8,onoff,50,171.314,0.729900
zero_trust,srv8,onoff,50,172.408,0.792500
zero_trust,srv8,onoff,50,173.535,0.790700
zero_trust,srv8,onoff,50,174.808,0.810000
zero_trust,srv8,onoff,50,176.364,0.816300
zero_trust,srv8,onoff,50,177.479,0.663600
zero_trust,srv8,onoff,50,178.858,0.738200
zero_trust,srv8,onoff,50,180.048,0.738200
zero_trust,srv8,onoff,50,181.316,0.738200
zero_trust,srv8,onoff,50,182.510,0.738200
zero_trust,srv8,onoff,50,183.722,0.738200
zero_trust,srv8,onoff,50,184.917,0.738200
zero_trust,srv8,onoff,50,185.988,0.738200
zero_trust,srv8,onoff,50,187.302,0.738200
zero_trust,srv8,onoff,50,188.486,0.738200
zero_trust,srv8,onoff,50,189.595,0.636200
zero_trust,srv8,onoff,50,190.967,0.636200
zero_trust,srv8,onoff,50,192.022,0.636200
zero_trust,srv8,onoff,50,193.392,0.636200
zero_trust,srv8,onoff,50,194.910,0.636200
zero_trust,srv8,onoff,50,196.183,0.636200
zero_trust,srv8,onoff,50,197.461,0.689500
zero_trust,srv8,onoff,50,198.675,0.740000
zero_trust,srv8,onoff,50,199.999,0.720400
zero_trust,srv8,onoff,50,201.201,0.720400
zero_trust,srv8,onoff,50,202.332,0.720400
zero_trust,srv8,onoff,50,203.578,0.720400
zero_trust,srv8,onoff,50,204.691,0.720400
zero_trust,srv8,onoff,50,205.951,0.720400
zero_trust,srv8,onoff,50,207.025,0.720400
zero_trust,srv8,onoff,50,208.239,0.720400
zero_trust,srv8,onoff,50,209.299,0.667800
zero_trust,srv8,onoff,50,210.498,0.667800
zero_trust,srv8,onoff,50,211.596,0.667800
zero_trust,srv8,onoff,50,212.726,0.807500
zero_trust,srv8,onoff,50,213.992,0.795600
zero_trust,srv8,onoff,50,215.139,0.805500
zero_trust,srv8,onoff,50,216.246,0.798100
zero_trust,srv8,onoff,50,217.365,0.808900
zero_trust,srv8,onoff,50,218.509,0.716300
zero_trust,srv8,onoff,50,219.698,0.744300
zero_trust,srv8,onoff,50,220.871,0.620100
zero_trust,srv8,onoff,50,222.016,0.620100
zero_trust,srv8,onoff,50,223.214,0.620100
zero_trust,srv8,onoff,50,224.363,0.620100
zero_trust,srv8,onoff,50,225.557,0.620100
zero_trust,srv8,onoff,50,226.919,0.620100
zero_trust,srv8,onoff,50,228.007,0.620100
zero_trust,srv8,onoff,50,229.524,0.620100
zero_trust,srv8,onoff,50,230.761,0.620100
zero_trust,srv8,onoff,50,231.913,0.772800
zero_trust,srv8,onoff,50,233.094,0.808000
zero_trust,srv8,onoff,50,234.627,0.798500
zero_trust,srv8,onoff,50,235.696,0.801500
zero_trust,srv8,onoff,50,236.969,0.813800
zero_trust,srv8,onoff,50,239.129,0.631600
zero_trust,srv8,onoff,50,240.329,0.631600
zero_trust,srv8,onoff,50,241.577,0.631600
zero_trust,srv8,onoff,50,242.656,0.631600
zero_trust,srv8,onoff,50,243.791,0.631600
zero_trust,srv8,onoff,50,245.024,0.631600
zero_trust,srv8,onoff,50,246.360,0.631600
zero_trust,srv8,onoff,50,247.564,0.631600
zero_trust,srv8,onoff,50,248.707,0.631600
zero_trust,srv8,onoff,50,249.871,0.575000
zero_trust,srv8,onoff,50,251.098,0.584900
zero_trust,srv8,onoff,50,252.228,0.584900
zero_trust,srv8,onoff,50,253.539,0.808600
zero_trust,srv8,onoff,50,254.681,0.796300
zero_trust,srv8,onoff,50,255.902,0.803900
zero_trust,srv8,onoff,50,257.108,0.807000
zero_trust,srv8,onoff,50,258.353,0.815400
zero_trust,srv8,onoff,50,259.583,0.815400
zero_trust,srv8,onoff,50,260.827,0.815400
zero_trust,srv8,onoff,50,261.992,0.815400
zero_trust,srv8,onoff,50,263.300,0.815400
zero_trust,srv8,onoff,50,264.383,0.815400
zero_trust,srv8,onoff,50,265.542,0.815400
zero_trust,srv8,onoff,50,266.821,0.815400
zero_trust,srv8,onoff,50,267.916,0.815400
zero_trust,srv8,onoff,50,269.434,0.815400
zero_trust,srv8,onoff,50,270.562,0.815400
zero_trust,srv8,onoff,50,272.747,0.631700
zero_trust,srv8,onoff,50,273.857,0.784100
zero_trust,srv8,onoff,50,275.016,0.803000
zero_trust,srv8,onoff,50,276.237,0.798500
zero_trust,srv8,onoff,50,277.545,0.806500
zero_trust,srv8,onoff,50,278.723,0.801100
zero_trust,srv8,onoff,50,279.840,0.807500
zero_trust,srv8,onoff,50,281.024,0.712000
zero_trust,srv8,onoff,50,282.270,0.712000
zero_trust,srv8,onoff,50,283.545,0.705000
zero_trust,srv8,onoff,50,284.866,0.705000
zero_trust,srv8,onoff,50,286.017,0.705000
zero_trust,srv8,onoff,50,287.268,0.705000
zero_trust,srv8,onoff,50,288.352,0.705000
zero_trust,srv8,onoff,50,289.663,0.705000
zero_trust,srv8,onoff,50,290.798,0.729400
zero_trust,srv8,onoff,50,291.878,0.580900
zero_trust,srv8,onoff,50,293.059,0.562300
zero_trust,srv8,onoff,50,294.168,0.562300
zero_trust,srv8,onoff,50,295.545,0.562300
zero_trust,srv8,onoff,50,296.712,0.775800
zero_trust,srv8,onoff,50,297.762,0.813500
zero_trust,srv8,onoff,50,299.035,0.803300
zero_trust,srv8,onoff,50,300.109,0.422800
zero_trust,srv8,onoff,50,301.190,0.422800
zero_trust,srv8,onoff,50,302.403,0.422800
zero_trust,srv8,onoff,50,303.544,0.422800
zero_trust,srv8,onoff,50,305.704,0.422800
zero_trust,srv8,onoff,50,306.812,0.422800
zero_trust,srv8,onoff,50,307.904,0.422800
zero_trust,srv8,onoff,50,309.042,0.422800
